Trade number,Signal date,Signal time,Side,Entry time,Entry price,Exit time,Exit price,SL,TP,BE,Unit,Exit reason,TP/SL outcome,Gross profit/loss,Commission,Clearing fee,Exchange fee,IP fee,NFA fee,Net profit/loss,MAE,MFE,ETD,Bars held,Duration minutes,Max RR,BE activated,Cumulative net profit,Status,Error,MFE calculation,TP hit time,MFE tracking stopped,MFE stop reason
1,03-08-2026,04:30,SELL,03-08-2026 04:30,58.31,03-08-2026 04:40,58.190000000000005,58.370000000000005,58.190000000000005,,USD,TP,TP,0.11999999999999744,0.0,0.0,0.0,0.0,0.0,0.11999999999999744,0.03300000000000125,0.141,,11,10,2.35,False,0.11999999999999744,OK,,TP hit -> maximum favorable movement -> first entry/SL visit or next signal,03-08-2026 04:40,03-08-2026 04:56,ENTRY_OR_SL
2,03-08-2026,05:30,BUY,03-08-2026 05:30,58.291,03-08-2026 05:36,58.230999999999995,58.230999999999995,58.410999999999994,,USD,SL,SL,-0.060000000000002274,0.0,0.0,0.0,0.0,0.0,-0.060000000000002274,0.09799999999999898,0.09800000000000608,,7,6,1.63,False,0.05999999999999517,OK,,,,,
3,03-08-2026,05:45,SELL,03-08-2026 05:45,58.156,03-08-2026 05:45,58.216,58.216,58.036,,USD,SL,SL,-0.060000000000002274,0.0,0.0,0.0,0.0,0.0,-0.060000000000002274,0.06900000000000261,0.003999999999997783,,1,0,0.07,False,-7.105427357601002e-15,OK,,,,,
4,03-08-2026,06:45,BUY,03-08-2026 06:45,58.041,03-08-2026 06:46,57.980999999999995,57.980999999999995,58.160999999999994,,USD,SL,SL,-0.060000000000002274,0.0,0.0,0.0,0.0,0.0,-0.060000000000002274,0.10999999999999943,0.04200000000000159,,2,1,0.7,False,-0.06000000000000938,OK,,,,,
5,03-08-2026,07:00,BUY,03-08-2026 07:00,58.14,03-08-2026 07:01,58.08,58.08,58.26,,USD,SL,SL,-0.060000000000002274,0.0,0.0,0.0,0.0,0.0,-0.060000000000002274,0.07099999999999795,0.060000000000002274,,2,1,1.0,False,-0.12000000000001165,OK,,,,,
6,03-08-2026,07:45,SELL,03-08-2026 07:45,58.115,03-08-2026 07:49,58.175000000000004,58.175000000000004,57.995000000000005,,USD,SL,SL,-0.060000000000002274,0.0,0.0,0.0,0.0,0.0,-0.060000000000002274,0.07799999999999585,0.1180000000000021,,5,4,1.97,False,-0.18000000000001393,OK,,,,,
7,03-08-2026,08:30,BUY,03-08-2026 08:30,58.111,03-08-2026 08:35,58.230999999999995,58.050999999999995,58.230999999999995,,USD,TP,TP,0.11999999999999744,0.0,0.0,0.0,0.0,0.0,0.11999999999999744,0.012000000000000455,0.124,,6,5,2.07,False,-0.060000000000016485,OK,,TP hit -> maximum favorable movement -> first entry/SL visit or next signal,03-08-2026 08:35,03-08-2026 08:45,ENTRY_OR_SL
8,03-08-2026,09:00,SELL,03-08-2026 09:00,58.133,03-08-2026 09:01,58.193000000000005,58.193000000000005,58.013000000000005,,USD,SL,SL,-0.060000000000002274,0.0,0.0,0.0,0.0,0.0,-0.060000000000002274,0.07000000000000028,0.025000000000005684,,2,1,0.42,False,-0.12000000000001876,OK,,,,,
9,03-08-2026,09:30,BUY,03-08-2026 09:30,58.222,03-08-2026 09:51,58.342,58.162,58.342,,USD,TP,TP,0.11999999999999744,0.0,0.0,0.0,0.0,0.0,0.11999999999999744,0.020000000000003126,0.341,,22,21,2.38,False,-2.1316282072803006e-14,OK,,TP hit -> maximum favorable movement -> first entry/SL visit or next signal,03-08-2026 09:51,03-08-2026 10:30,NEXT_SIGNAL
10,03-08-2026,10:30,SELL,03-08-2026 10:30,58.276,03-08-2026 10:40,58.156000000000006,58.336000000000006,58.156000000000006,,USD,TP,TP,0.11999999999999744,0.0,0.0,0.0,0.0,0.0,0.11999999999999744,0.04899999999999949,0.506,,11,10,2.53,False,0.11999999999997613,OK,,TP hit -> maximum favorable movement -> first entry/SL visit or next signal,03-08-2026 10:40,03-08-2026 11:30,NEXT_SIGNAL
11,03-08-2026,11:30,BUY,03-08-2026 11:30,58.152,03-08-2026 11:34,58.092,58.092,58.272,,USD,SL,SL,-0.060000000000002274,0.0,0.0,0.0,0.0,0.0,-0.060000000000002274,0.06499999999999773,0.04899999999999949,,5,4,0.82,False,0.05999999999997385,OK,,,,,
12,03-08-2026,12:15,SELL,03-08-2026 12:15,58.181,03-08-2026 12:16,58.241,58.241,58.061,,USD,SL,SL,-0.060000000000002274,0.0,0.0,0.0,0.0,0.0,-0.060000000000002274,0.07000000000000028,0.015999999999998238,,2,1,0.27,False,-2.842170943040401e-14,OK,,,,,
13,03-08-2026,13:15,BUY,03-08-2026 13:15,58.117,03-08-2026 13:21,58.236999999999995,58.056999999999995,58.236999999999995,,USD,TP,TP,0.11999999999999744,0.0,0.0,0.0,0.0,0.0,0.11999999999999744,0.0030000000000001137,0.217,,7,6,2.15,False,0.11999999999996902,OK,,TP hit -> maximum favorable movement -> first entry/SL visit or next signal,03-08-2026 13:21,03-08-2026 14:00,NEXT_SIGNAL
14,03-08-2026,14:00,BUY,03-08-2026 14:00,58.179,03-08-2026 14:06,58.299,58.119,58.299,,USD,TP,TP,0.11999999999999744,0.0,0.0,0.0,0.0,0.0,0.11999999999999744,0.026000000000003354,0.188,,7,6,2.03,False,0.23999999999996646,OK,,TP hit -> maximum favorable movement -> first entry/SL visit or next signal,03-08-2026 14:06,03-08-2026 14:15,NEXT_SIGNAL
15,03-08-2026,14:15,BUY,03-08-2026 14:15,58.303,03-08-2026 14:51,58.242999999999995,58.242999999999995,58.422999999999995,,USD,SL,SL,-0.060000000000002274,0.0,0.0,0.0,0.0,0.0,-0.060000000000002274,0.07600000000000051,0.07100000000000506,,37,36,1.18,False,0.1799999999999642,OK,,,,,
16,03-08-2026,15:00,SELL,03-08-2026 15:00,58.171,03-08-2026 15:04,58.051,58.231,58.051,,USD,TP,TP,0.11999999999999744,0.0,0.0,0.0,0.0,0.0,0.11999999999999744,0.015000000000000568,0.121,,5,4,2.02,False,0.29999999999996163,OK,,TP hit -> maximum favorable movement -> first entry/SL visit or next signal,03-08-2026 15:04,03-08-2026 15:13,ENTRY_OR_SL
17,03-08-2026,17:30,BUY,03-08-2026 17:30,57.984,03-08-2026 17:40,57.924,57.924,58.104,,USD,SL,SL,-0.060000000000002274,0.0,0.0,0.0,0.0,0.0,-0.060000000000002274,0.11400000000000432,0.047999999999994714,,11,10,0.8,False,0.23999999999995936,OK,,,,,
18,03-08-2026,17:45,SELL,03-08-2026 17:45,57.829,03-08-2026 17:50,57.709,57.889,57.709,,USD,TP,TP,0.11999999999999744,0.0,0.0,0.0,0.0,0.0,0.11999999999999744,0.012999999999998124,1.286,,6,5,2.88,False,0.3599999999999568,OK,,TP hit -> maximum favorable movement -> first entry/SL visit or next signal,03-08-2026 17:50,03-08-2026 19:30,NEXT_SIGNAL
19,03-08-2026,19:30,BUY,03-08-2026 19:30,57.106,03-08-2026 19:30,57.046,57.046,57.226,,USD,SL,SL,-0.060000000000002274,0.0,0.0,0.0,0.0,0.0,-0.060000000000002274,0.09799999999999898,0.006999999999997897,,1,0,0.12,False,0.2999999999999545,OK,,,,,
20,03-08-2026,20:15,BUY,03-08-2026 20:15,57.226,03-08-2026 20:18,57.166,57.166,57.346,,USD,SL,SL,-0.060000000000002274,0.0,0.0,0.0,0.0,0.0,-0.060000000000002274,0.11899999999999977,0.012000000000000455,,4,3,0.2,False,0.23999999999995225,OK,,,,,
21,03-08-2026,21:15,BUY,03-08-2026 21:15,57.356,03-08-2026 21:16,57.476,57.296,57.476,,USD,TP,TP,0.11999999999999744,0.0,0.0,0.0,0.0,0.0,0.11999999999999744,0.0,0.844,,2,1,2.15,False,0.3599999999999497,OK,,TP hit -> maximum favorable movement -> first entry/SL visit or next signal,03-08-2026 21:16,04-08-2026 03:45,NEXT_SIGNAL
22,04-08-2026,03:45,SELL,04-08-2026 03:45,58.017,04-08-2026 04:00,58.077000000000005,58.077000000000005,57.897000000000006,,USD,SL,SL,-0.060000000000002274,0.0,0.0,0.0,0.0,0.0,-0.060000000000002274,0.06499999999999773,0.017000000000003013,,16,15,0.28,False,0.2999999999999474,OK,,,,,
23,04-08-2026,04:15,BUY,04-08-2026 04:15,58.115,04-08-2026 05:29,58.235,58.055,58.235,,USD,TP,TP,0.11999999999999744,0.0,0.0,0.0,0.0,0.0,0.11999999999999744,0.04800000000000182,0.434,,75,74,2.25,False,0.41999999999994486,OK,,TP hit -> maximum favorable movement -> first entry/SL visit or next signal,04-08-2026 05:29,04-08-2026 06:15,NEXT_SIGNAL
24,04-08-2026,06:15,SELL,04-08-2026 06:15,58.254,04-08-2026 06:28,58.134,58.314,58.134,,USD,TP,TP,0.11999999999999744,0.0,0.0,0.0,0.0,0.0,0.11999999999999744,0.006000000000000227,0.284,,14,13,2.28,False,0.5399999999999423,OK,,TP hit -> maximum favorable movement -> first entry/SL visit or next signal,04-08-2026 06:28,04-08-2026 06:55,ENTRY_OR_SL
25,04-08-2026,07:00,BUY,04-08-2026 07:00,58.321,04-08-2026 07:05,58.440999999999995,58.260999999999996,58.440999999999995,,USD,TP,TP,0.11999999999999744,0.0,0.0,0.0,0.0,0.0,0.11999999999999744,0.009000000000000341,0.493,,6,5,3.57,False,0.6599999999999397,OK,,TP hit -> maximum favorable movement -> first entry/SL visit or next signal,04-08-2026 07:05,04-08-2026 08:30,NEXT_SIGNAL
26,04-08-2026,08:30,SELL,04-08-2026 08:30,58.616,04-08-2026 08:40,58.676,58.676,58.496,,USD,SL,SL,-0.060000000000002274,0.0,0.0,0.0,0.0,0.0,-0.060000000000002274,0.07399999999999807,0.0379999999999967,,11,10,0.63,False,0.5999999999999375,OK,,,,,
27,04-08-2026,09:15,SELL,04-08-2026 09:15,58.604,04-08-2026 09:19,58.664,58.664,58.484,,USD,SL,SL,-0.060000000000002274,0.0,0.0,0.0,0.0,0.0,-0.060000000000002274,0.06199999999999761,0.01099999999999568,,5,4,0.18,False,0.5399999999999352,OK,,,,,
28,04-08-2026,09:45,BUY,04-08-2026 09:45,58.749,04-08-2026 09:57,58.869,58.689,58.869,,USD,TP,TP,0.11999999999999744,0.0,0.0,0.0,0.0,0.0,0.11999999999999744,0.020000000000003126,0.269,,13,12,2.2,False,0.6599999999999326,OK,,TP hit -> maximum favorable movement -> first entry/SL visit or next signal,04-08-2026 09:57,04-08-2026 10:42,ENTRY_OR_SL
29,04-08-2026,10:45,SELL,04-08-2026 10:45,58.738,04-08-2026 10:48,58.798,58.798,58.618,,USD,SL,SL,-0.060000000000002274,0.0,0.0,0.0,0.0,0.0,-0.060000000000002274,0.07200000000000273,0.015000000000000568,,4,3,0.25,False,0.5999999999999304,OK,,,,,
30,04-08-2026,11:00,BUY,04-08-2026 11:00,58.911,04-08-2026 11:07,58.851,58.851,59.031,,USD,SL,SL,-0.060000000000002274,0.0,0.0,0.0,0.0,0.0,-0.060000000000002274,0.06300000000000239,0.11599999999999966,,8,7,1.93,False,0.5399999999999281,OK,,,,,
31,04-08-2026,11:30,BUY,04-08-2026 11:30,58.971,04-08-2026 11:31,59.090999999999994,58.910999999999994,59.090999999999994,,USD,TP,TP,0.11999999999999744,0.0,0.0,0.0,0.0,0.0,0.11999999999999744,0.0009999999999976694,0.171,,2,1,2.85,False,0.6599999999999255,OK,,TP hit -> maximum favorable movement -> first entry/SL visit or next signal,04-08-2026 11:31,04-08-2026 11:46,ENTRY_OR_SL
32,04-08-2026,12:00,SELL,04-08-2026 12:00,58.902,04-08-2026 12:09,58.782000000000004,58.962,58.782000000000004,,USD,TP,TP,0.11999999999999744,0.0,0.0,0.0,0.0,0.0,0.11999999999999744,0.0020000000000024443,0.123,,10,9,2.05,False,0.779999999999923,OK,,TP hit -> maximum favorable movement -> first entry/SL visit or next signal,04-08-2026 12:09,04-08-2026 12:16,ENTRY_OR_SL
33,04-08-2026,12:30,BUY,04-08-2026 12:30,58.914,04-08-2026 12:54,59.034,58.854,59.034,,USD,TP,TP,0.11999999999999744,0.0,0.0,0.0,0.0,0.0,0.11999999999999744,0.01899999999999835,0.179,,25,24,2.32,False,0.8999999999999204,OK,,TP hit -> maximum favorable movement -> first entry/SL visit or next signal,04-08-2026 12:54,04-08-2026 13:12,ENTRY_OR_SL
34,04-08-2026,13:30,BUY,04-08-2026 13:30,58.954,04-08-2026 13:33,59.074,58.894,59.074,,USD,TP,TP,0.11999999999999744,0.0,0.0,0.0,0.0,0.0,0.11999999999999744,0.02300000000000324,0.19,,4,3,3.17,False,1.0199999999999179,OK,,TP hit -> maximum favorable movement -> first entry/SL visit or next signal,04-08-2026 13:33,04-08-2026 13:53,ENTRY_OR_SL
35,04-08-2026,14:00,SELL,04-08-2026 14:00,58.91,04-08-2026 14:09,58.97,58.97,58.79,,USD,SL,SL,-0.060000000000002274,0.0,0.0,0.0,0.0,0.0,-0.060000000000002274,0.06200000000000472,0.06199999999999761,,10,9,1.03,False,0.9599999999999156,OK,,,,,
36,04-08-2026,15:30,SELL,04-08-2026 15:30,58.731,04-08-2026 15:46,58.611000000000004,58.791000000000004,58.611000000000004,,USD,TP,TP,0.11999999999999744,0.0,0.0,0.0,0.0,0.0,0.11999999999999744,0.0049999999999954525,0.182,,17,16,2.08,False,1.079999999999913,OK,,TP hit -> maximum favorable movement -> first entry/SL visit or next signal,04-08-2026 15:46,04-08-2026 16:14,ENTRY_OR_SL
37,04-08-2026,16:15,BUY,04-08-2026 16:15,58.766,04-08-2026 16:15,58.885999999999996,58.705999999999996,58.885999999999996,,USD,TP,TP,0.11999999999999744,0.0,0.0,0.0,0.0,0.0,0.11999999999999744,0.015999999999998238,0.19,,1,0,3.17,False,1.1999999999999105,OK,,TP hit -> maximum favorable movement -> first entry/SL visit or next signal,04-08-2026 16:15,04-08-2026 16:15,ENTRY_OR_SL
38,04-08-2026,16:45,BUY,04-08-2026 16:45,58.864,04-08-2026 16:51,58.983999999999995,58.803999999999995,58.983999999999995,,USD,TP,TP,0.11999999999999744,0.0,0.0,0.0,0.0,0.0,0.11999999999999744,0.0049999999999954525,0.676,,7,6,2.07,False,1.319999999999908,OK,,TP hit -> maximum favorable movement -> first entry/SL visit or next signal,04-08-2026 16:51,04-08-2026 18:00,NEXT_SIGNAL
39,04-08-2026,18:00,BUY,04-08-2026 18:00,59.539,04-08-2026 18:00,59.659,59.479,59.659,,USD,TP,TP,0.11999999999999744,0.0,0.0,0.0,0.0,0.0,0.11999999999999744,0.0,0.25,,1,0,4.17,False,1.4399999999999054,OK,,TP hit -> maximum favorable movement -> first entry/SL visit or next signal,04-08-2026 18:00,04-08-2026 18:00,ENTRY_OR_SL
40,04-08-2026,18:45,SELL,04-08-2026 18:45,59.47,04-08-2026 18:47,59.35,59.53,59.35,,USD,TP,TP,0.11999999999999744,0.0,0.0,0.0,0.0,0.0,0.11999999999999744,0.03800000000000381,0.146,,3,2,2.02,False,1.5599999999999028,OK,,TP hit -> maximum favorable movement -> first entry/SL visit or next signal,04-08-2026 18:47,04-08-2026 18:50,ENTRY_OR_SL
41,04-08-2026,19:00,BUY,04-08-2026 19:00,59.719,04-08-2026 19:01,59.659,59.659,59.839,,USD,SL,SL,-0.060000000000002274,0.0,0.0,0.0,0.0,0.0,-0.060000000000002274,0.1319999999999979,0.08399999999999608,,2,1,1.4,False,1.4999999999999005,OK,,,,,
42,04-08-2026,20:00,SELL,04-08-2026 20:00,59.51,04-08-2026 20:04,59.39,59.57,59.39,,USD,TP,TP,0.11999999999999744,0.0,0.0,0.0,0.0,0.0,0.11999999999999744,0.006000000000000227,0.246,,5,4,2.6,False,1.619999999999898,OK,,TP hit -> maximum favorable movement -> first entry/SL visit or next signal,04-08-2026 20:04,04-08-2026 20:22,ENTRY_OR_SL
43,04-08-2026,20:45,SELL,04-08-2026 20:45,59.502,04-08-2026 20:47,59.382000000000005,59.562000000000005,59.382000000000005,,USD,TP,TP,0.11999999999999744,0.0,0.0,0.0,0.0,0.0,0.11999999999999744,0.030999999999998806,0.206,,3,2,2.15,False,1.7399999999998954,OK,,TP hit -> maximum favorable movement -> first entry/SL visit or next signal,04-08-2026 20:47,04-08-2026 21:08,ENTRY_OR_SL
44,04-08-2026,21:15,BUY,04-08-2026 21:15,59.653,04-08-2026 21:25,59.772999999999996,59.592999999999996,59.772999999999996,,USD,TP,TP,0.11999999999999744,0.0,0.0,0.0,0.0,0.0,0.11999999999999744,0.04399999999999693,0.125,,11,10,2.07,False,1.8599999999998929,OK,,TP hit -> maximum favorable movement -> first entry/SL visit or next signal,04-08-2026 21:25,04-08-2026 21:41,ENTRY_OR_SL
45,05-08-2026,04:00,BUY,05-08-2026 04:00,59.501,05-08-2026 04:31,59.440999999999995,59.440999999999995,59.620999999999995,,USD,SL,SL,-0.060000000000002274,0.0,0.0,0.0,0.0,0.0,-0.060000000000002274,0.06199999999999761,0.06800000000000495,,32,31,1.13,False,1.7999999999998906,OK,,,,,
46,05-08-2026,06:00,BUY,05-08-2026 06:00,59.583,05-08-2026 06:30,59.702999999999996,59.522999999999996,59.702999999999996,,USD,TP,TP,0.11999999999999744,0.0,0.0,0.0,0.0,0.0,0.11999999999999744,0.021000000000000796,0.133,,31,30,2.22,False,1.919999999999888,OK,,TP hit -> maximum favorable movement -> first entry/SL visit or next signal,05-08-2026 06:30,05-08-2026 06:31,ENTRY_OR_SL
47,05-08-2026,07:00,SELL,05-08-2026 07:00,59.556,05-08-2026 07:00,59.616,59.616,59.436,,USD,SL,SL,-0.060000000000002274,0.0,0.0,0.0,0.0,0.0,-0.060000000000002274,0.08400000000000318,0.006999999999997897,,1,0,0.12,False,1.8599999999998857,OK,,,,,
48,05-08-2026,07:15,BUY,05-08-2026 07:15,59.839,05-08-2026 07:36,59.778999999999996,59.778999999999996,59.958999999999996,,USD,SL,SL,-0.060000000000002274,0.0,0.0,0.0,0.0,0.0,-0.060000000000002274,0.06400000000000006,0.0799999999999983,,22,21,1.33,False,1.7999999999998835,OK,,,,,
49,05-08-2026,09:30,BUY,05-08-2026 09:30,60.72,05-08-2026 09:48,60.839999999999996,60.66,60.839999999999996,,USD,TP,TP,0.11999999999999744,0.0,0.0,0.0,0.0,0.0,0.11999999999999744,0.021999999999998465,0.126,,19,18,2.1,False,1.919999999999881,OK,,TP hit -> maximum favorable movement -> first entry/SL visit or next signal,05-08-2026 09:48,05-08-2026 10:09,ENTRY_OR_SL
50,05-08-2026,10:15,SELL,05-08-2026 10:15,60.71,05-08-2026 10:37,60.77,60.77,60.59,,USD,SL,SL,-0.060000000000002274,0.0,0.0,0.0,0.0,0.0,-0.060000000000002274,0.06099999999999994,0.06700000000000017,,23,22,1.12,False,1.8599999999998786,OK,,,,,
51,05-08-2026,10:45,BUY,05-08-2026 10:45,60.759,05-08-2026 10:56,60.879,60.699,60.879,,USD,TP,TP,0.11999999999999744,0.0,0.0,0.0,0.0,0.0,0.11999999999999744,0.02400000000000091,1.12,,12,11,2.27,False,1.979999999999876,OK,,TP hit -> maximum favorable movement -> first entry/SL visit or next signal,05-08-2026 10:56,05-08-2026 13:00,NEXT_SIGNAL
52,05-08-2026,13:00,SELL,05-08-2026 13:00,61.565,05-08-2026 13:02,61.625,61.625,61.445,,USD,SL,SL,-0.060000000000002274,0.0,0.0,0.0,0.0,0.0,-0.060000000000002274,0.07200000000000273,0.03499999999999659,,3,2,0.58,False,1.9199999999998738,OK,,,,,
53,05-08-2026,13:15,BUY,05-08-2026 13:15,61.701,05-08-2026 13:29,61.821,61.641,61.821,,USD,TP,TP,0.11999999999999744,0.0,0.0,0.0,0.0,0.0,0.11999999999999744,0.04200000000000159,0.139,,15,14,2.32,False,2.0399999999998712,OK,,TP hit -> maximum favorable movement -> first entry/SL visit or next signal,05-08-2026 13:29,05-08-2026 13:37,ENTRY_OR_SL
54,05-08-2026,13:45,SELL,05-08-2026 13:45,61.593,05-08-2026 13:53,61.473000000000006,61.653000000000006,61.473000000000006,,USD,TP,TP,0.11999999999999744,0.0,0.0,0.0,0.0,0.0,0.11999999999999744,0.00999999999999801,0.173,,9,8,2.15,False,2.1599999999998687,OK,,TP hit -> maximum favorable movement -> first entry/SL visit or next signal,05-08-2026 13:53,05-08-2026 14:13,ENTRY_OR_SL
55,05-08-2026,15:00,SELL,05-08-2026 15:00,61.397,05-08-2026 15:03,61.457,61.457,61.277,,USD,SL,SL,-0.060000000000002274,0.0,0.0,0.0,0.0,0.0,-0.060000000000002274,0.060000000000002274,0.02599999999999625,,4,3,0.43,False,2.0999999999998664,OK,,,,,
56,05-08-2026,15:30,SELL,05-08-2026 15:30,61.422,05-08-2026 15:32,61.302,61.482,61.302,,USD,TP,TP,0.11999999999999744,0.0,0.0,0.0,0.0,0.0,0.11999999999999744,0.014000000000002899,0.364,,3,2,2.05,False,2.219999999999864,OK,,TP hit -> maximum favorable movement -> first entry/SL visit or next signal,05-08-2026 15:32,05-08-2026 16:30,NEXT_SIGNAL
57,05-08-2026,16:30,BUY,05-08-2026 16:30,61.244,05-08-2026 16:37,61.364,61.184,61.364,,USD,TP,TP,0.11999999999999744,0.0,0.0,0.0,0.0,0.0,0.11999999999999744,0.03399999999999892,1.244,,8,7,2.13,False,2.3399999999998613,OK,,TP hit -> maximum favorable movement -> first entry/SL visit or next signal,05-08-2026 16:37,05-08-2026 18:15,NEXT_SIGNAL
58,05-08-2026,18:15,SELL,05-08-2026 18:15,61.799,05-08-2026 18:17,61.859,61.859,61.679,,USD,SL,SL,-0.060000000000002274,0.0,0.0,0.0,0.0,0.0,-0.060000000000002274,0.08400000000000318,0.04999999999999716,,3,2,0.83,False,2.279999999999859,OK,,,,,
59,05-08-2026,18:45,BUY,05-08-2026 18:45,61.757,05-08-2026 18:48,61.696999999999996,61.696999999999996,61.876999999999995,,USD,SL,SL,-0.060000000000002274,0.0,0.0,0.0,0.0,0.0,-0.060000000000002274,0.06700000000000017,0.054999999999999716,,4,3,0.92,False,2.2199999999998568,OK,,,,,
60,05-08-2026,20:45,BUY,05-08-2026 20:45,62.419,05-08-2026 20:45,62.358999999999995,62.358999999999995,62.538999999999994,,USD,SL,SL,-0.060000000000002274,0.0,0.0,0.0,0.0,0.0,-0.060000000000002274,0.06899999999999551,0.005000000000002558,,1,0,0.08,False,2.1599999999998545,OK,,,,,
61,05-08-2026,21:15,SELL,05-08-2026 21:15,62.338,05-08-2026 21:17,62.218,62.398,62.218,,USD,TP,TP,0.11999999999999744,0.0,0.0,0.0,0.0,0.0,0.11999999999999744,0.0,0.627,,3,2,2.3,False,2.279999999999852,OK,,TP hit -> maximum favorable movement -> first entry/SL visit or next signal,05-08-2026 21:17,05-08-2026 22:00,NEXT_SIGNAL
62,05-08-2026,22:00,BUY,05-08-2026 22:00,62.13,05-08-2026 22:01,62.07,62.07,62.25,,USD,SL,SL,-0.060000000000002274,0.0,0.0,0.0,0.0,0.0,-0.060000000000002274,0.07000000000000028,0.03899999999999437,,2,1,0.65,False,2.2199999999998496,OK,,,,,
63,06-08-2026,03:45,BUY,06-08-2026 03:45,62.058,06-08-2026 04:27,61.998,61.998,62.178,,USD,SL,SL,-0.060000000000002274,0.0,0.0,0.0,0.0,0.0,-0.060000000000002274,0.06400000000000006,0.0660000000000025,,43,42,1.1,False,2.1599999999998474,OK,,,,,
64,06-08-2026,04:45,BUY,06-08-2026 04:45,62.102,06-08-2026 05:09,62.221999999999994,62.041999999999994,62.221999999999994,,USD,TP,TP,0.11999999999999744,0.0,0.0,0.0,0.0,0.0,0.11999999999999744,0.023999999999993804,0.219,,25,24,3.17,False,2.279999999999845,OK,,TP hit -> maximum favorable movement -> first entry/SL visit or next signal,06-08-2026 05:09,06-08-2026 05:31,ENTRY_OR_SL
65,06-08-2026,06:15,BUY,06-08-2026 06:15,62.376,06-08-2026 06:16,62.495999999999995,62.315999999999995,62.495999999999995,,USD,TP,TP,0.11999999999999744,0.0,0.0,0.0,0.0,0.0,0.11999999999999744,0.027999999999998693,0.511,,2,1,3.23,False,2.3999999999998423,OK,,TP hit -> maximum favorable movement -> first entry/SL visit or next signal,06-08-2026 06:16,06-08-2026 06:41,ENTRY_OR_SL
66,06-08-2026,06:45,SELL,06-08-2026 06:45,62.408,06-08-2026 06:46,62.468,62.468,62.288000000000004,,USD,SL,SL,-0.060000000000002274,0.0,0.0,0.0,0.0,0.0,-0.060000000000002274,0.06400000000000006,0.04200000000000159,,2,1,0.7,False,2.33999999999984,OK,,,,,
67,06-08-2026,08:30,SELL,06-08-2026 08:30,62.277,06-08-2026 08:36,62.337,62.337,62.157000000000004,,USD,SL,SL,-0.060000000000002274,0.0,0.0,0.0,0.0,0.0,-0.060000000000002274,0.0660000000000025,0.09199999999999875,,7,6,1.53,False,2.2799999999998377,OK,,,,,
68,06-08-2026,09:30,BUY,06-08-2026 09:30,62.081,06-08-2026 09:58,62.021,62.021,62.201,,USD,SL,SL,-0.060000000000002274,0.0,0.0,0.0,0.0,0.0,-0.060000000000002274,0.09000000000000341,0.09799999999999898,,29,28,1.63,False,2.2199999999998354,OK,,,,,
69,06-08-2026,10:45,SELL,06-08-2026 10:45,62.063,06-08-2026 10:48,61.943000000000005,62.123000000000005,61.943000000000005,,USD,TP,TP,0.11999999999999744,0.0,0.0,0.0,0.0,0.0,0.11999999999999744,0.0,,,4,3,2.07,False,2.339999999999833,OK,,TP not found,,,TP_NOT_FOUND
70,06-08-2026,10:45,BUY,,,,,,,,USD,IGNORED,IGNORED,0.0,0.0,0.0,0.0,0.0,0.0,0.0,,,,0,0,,False,2.339999999999833,IGNORED,Previous trade #69 is still active. It exits at 06-08-2026 10:48. New signal occurs at 06-08-2026 10:45.,,,,
71,06-08-2026,11:15,BUY,06-08-2026 11:15,61.93,06-08-2026 11:20,62.05,61.87,62.05,,USD,TP,TP,0.11999999999999744,0.0,0.0,0.0,0.0,0.0,0.11999999999999744,0.03399999999999892,0.235,,6,5,2.93,False,2.4599999999998303,OK,,TP hit -> maximum favorable movement -> first entry/SL visit or next signal,06-08-2026 11:20,06-08-2026 11:40,ENTRY_OR_SL
72,06-08-2026,11:45,SELL,06-08-2026 11:45,61.935,06-08-2026 11:48,61.815000000000005,61.995000000000005,61.815000000000005,,USD,TP,TP,0.11999999999999744,0.0,0.0,0.0,0.0,0.0,0.11999999999999744,0.012999999999998124,0.128,,4,3,2.13,False,2.5799999999998278,OK,,TP hit -> maximum favorable movement -> first entry/SL visit or next signal,06-08-2026 11:48,06-08-2026 11:54,ENTRY_OR_SL
73,06-08-2026,12:45,BUY,06-08-2026 12:45,61.816,06-08-2026 13:14,61.756,61.756,61.936,,USD,SL,SL,-0.060000000000002274,0.0,0.0,0.0,0.0,0.0,-0.060000000000002274,0.08600000000000563,0.09999999999999432,,30,29,1.67,False,2.5199999999998255,OK,,,,,
74,06-08-2026,13:15,SELL,06-08-2026 13:15,61.747,06-08-2026 13:22,61.627,61.807,61.627,,USD,TP,TP,0.11999999999999744,0.0,0.0,0.0,0.0,0.0,0.11999999999999744,0.026000000000003354,0.133,,8,7,2.22,False,2.639999999999823,OK,,TP hit -> maximum favorable movement -> first entry/SL visit or next signal,06-08-2026 13:22,06-08-2026 13:24,ENTRY_OR_SL
75,06-08-2026,13:30,BUY,06-08-2026 13:30,61.892,06-08-2026 13:32,61.832,61.832,62.012,,USD,SL,SL,-0.060000000000002274,0.0,0.0,0.0,0.0,0.0,-0.060000000000002274,0.07800000000000296,0.030999999999998806,,3,2,0.52,False,2.5799999999998207,OK,,,,,
76,06-08-2026,16:30,SELL,06-08-2026 16:30,61.711,06-08-2026 16:30,61.771,61.771,61.591,,USD,SL,SL,-0.060000000000002274,0.0,0.0,0.0,0.0,0.0,-0.060000000000002274,0.08100000000000307,0.02400000000000091,,1,0,0.4,False,2.5199999999998184,OK,,,,,
77,06-08-2026,17:45,SELL,06-08-2026 17:45,61.514,06-08-2026 17:50,61.574000000000005,61.574000000000005,61.394000000000005,,USD,SL,SL,-0.060000000000002274,0.0,0.0,0.0,0.0,0.0,-0.060000000000002274,0.17199999999999704,0.059000000000004604,,6,5,0.98,False,2.459999999999816,OK,,,,,
78,06-08-2026,19:00,BUY,06-08-2026 19:00,61.367,06-08-2026 19:05,61.486999999999995,61.306999999999995,61.486999999999995,,USD,TP,TP,0.11999999999999744,0.0,0.0,0.0,0.0,0.0,0.11999999999999744,0.03999999999999915,0.414,,6,5,2.5,False,2.5799999999998136,OK,,TP hit -> maximum favorable movement -> first entry/SL visit or next signal,06-08-2026 19:05,06-08-2026 19:45,NEXT_SIGNAL
79,06-08-2026,19:45,SELL,06-08-2026 19:45,61.56,06-08-2026 19:49,61.620000000000005,61.620000000000005,61.440000000000005,,USD,SL,SL,-0.060000000000002274,0.0,0.0,0.0,0.0,0.0,-0.060000000000002274,0.08599999999999852,0.09199999999999875,,5,4,1.53,False,2.5199999999998113,OK,,,,,
80,06-08-2026,20:45,SELL,06-08-2026 20:45,61.551,06-08-2026 20:46,61.431000000000004,61.611000000000004,61.431000000000004,,USD,TP,TP,0.11999999999999744,0.0,0.0,0.0,0.0,0.0,0.11999999999999744,0.0,0.697,,2,1,2.0,False,2.6399999999998087,OK,,TP hit -> maximum favorable movement -> first entry/SL visit or next signal,06-08-2026 20:46,07-08-2026 00:20,ENTRY_OR_SL
81,07-08-2026,04:00,BUY,07-08-2026 04:00,61.462,07-08-2026 05:12,61.582,61.402,61.582,,USD,TP,TP,0.11999999999999744,0.0,0.0,0.0,0.0,0.0,0.11999999999999744,0.03100000000000591,0.187,,73,72,2.3,False,2.759999999999806,OK,,TP hit -> maximum favorable movement -> first entry/SL visit or next signal,07-08-2026 05:12,07-08-2026 05:43,ENTRY_OR_SL
82,07-08-2026,05:45,SELL,07-08-2026 05:45,61.472,07-08-2026 05:49,61.352000000000004,61.532000000000004,61.352000000000004,,USD,TP,TP,0.11999999999999744,0.0,0.0,0.0,0.0,0.0,0.11999999999999744,0.015000000000000568,0.327,,5,4,2.18,False,2.8799999999998036,OK,,TP hit -> maximum favorable movement -> first entry/SL visit or next signal,07-08-2026 05:49,07-08-2026 06:34,ENTRY_OR_SL
83,07-08-2026,06:45,BUY,07-08-2026 06:45,61.571,07-08-2026 06:47,61.690999999999995,61.510999999999996,61.690999999999995,,USD,TP,TP,0.11999999999999744,0.0,0.0,0.0,0.0,0.0,0.11999999999999744,0.001999999999995339,0.75,,3,2,2.43,False,2.999999999999801,OK,,TP hit -> maximum favorable movement -> first entry/SL visit or next signal,07-08-2026 06:47,07-08-2026 08:15,NEXT_SIGNAL
84,07-08-2026,08:15,SELL,07-08-2026 08:15,61.961,07-08-2026 08:18,62.021,62.021,61.841,,USD,SL,SL,-0.060000000000002274,0.0,0.0,0.0,0.0,0.0,-0.060000000000002274,0.08500000000000085,0.055999999999997385,,4,3,0.93,False,2.9399999999997988,OK,,,,,
85,07-08-2026,08:45,BUY,07-08-2026 08:45,62.128,07-08-2026 09:00,62.248,62.068,62.248,,USD,TP,TP,0.11999999999999744,0.0,0.0,0.0,0.0,0.0,0.11999999999999744,0.03499999999999659,0.287,,16,15,2.28,False,3.059999999999796,OK,,TP hit -> maximum favorable movement -> first entry/SL visit or next signal,07-08-2026 09:00,07-08-2026 10:00,NEXT_SIGNAL
86,07-08-2026,10:00,SELL,07-08-2026 10:00,62.237,07-08-2026 10:00,62.297000000000004,62.297000000000004,62.117000000000004,,USD,SL,SL,-0.060000000000002274,0.0,0.0,0.0,0.0,0.0,-0.060000000000002274,0.06799999999999784,0.02499999999999858,,1,0,0.42,False,2.999999999999794,OK,,,,,
87,07-08-2026,11:15,BUY,07-08-2026 11:15,62.445,07-08-2026 11:19,62.565,62.385,62.565,,USD,TP,TP,0.11999999999999744,0.0,0.0,0.0,0.0,0.0,0.11999999999999744,0.018000000000000682,1.446,,5,4,2.68,False,3.1199999999997914,OK,,TP hit -> maximum favorable movement -> first entry/SL visit or next signal,07-08-2026 11:19,07-08-2026 13:15,NEXT_SIGNAL
88,07-08-2026,13:15,BUY,07-08-2026 13:15,63.715,07-08-2026 13:19,63.655,63.655,63.835,,USD,SL,SL,-0.060000000000002274,0.0,0.0,0.0,0.0,0.0,-0.060000000000002274,0.0660000000000025,0.09899999999999665,,5,4,1.65,False,3.059999999999789,OK,,,,,
89,07-08-2026,15:30,SELL,07-08-2026 15:30,64.407,07-08-2026 15:33,64.28699999999999,64.467,64.28699999999999,,USD,TP,TP,0.12000000000000455,0.0,0.0,0.0,0.0,0.0,0.12000000000000455,0.010000000000005116,0.125,,4,3,2.08,False,3.1799999999997937,OK,,TP hit -> maximum favorable movement -> first entry/SL visit or next signal,07-08-2026 15:33,07-08-2026 15:38,ENTRY_OR_SL
90,07-08-2026,16:30,SELL,07-08-2026 16:30,64.287,07-08-2026 16:30,64.34700000000001,64.34700000000001,64.167,,USD,SL,SL,-0.060000000000002274,0.0,0.0,0.0,0.0,0.0,-0.060000000000002274,0.09599999999998943,0.014000000000010004,,1,0,0.23,False,3.1199999999997914,OK,,,,,
91,07-08-2026,16:45,SELL,07-08-2026 16:45,64.117,07-08-2026 16:46,63.99700000000001,64.177,63.99700000000001,,USD,TP,TP,0.11999999999999744,0.0,0.0,0.0,0.0,0.0,0.11999999999999744,0.006999999999990791,0.202,,2,1,2.13,False,3.239999999999789,OK,,TP hit -> maximum favorable movement -> first entry/SL visit or next signal,07-08-2026 16:46,07-08-2026 17:00,ENTRY_OR_SL
92,07-08-2026,18:15,BUY,07-08-2026 18:15,64.765,07-08-2026 18:15,64.885,64.705,64.885,,USD,TP,TP,0.12000000000000455,0.0,0.0,0.0,0.0,0.0,0.12000000000000455,0.0030000000000001137,0.162,,1,0,2.7,False,3.3599999999997934,OK,,TP hit -> maximum favorable movement -> first entry/SL visit or next signal,07-08-2026 18:15,07-08-2026 18:15,ENTRY_OR_SL
93,07-08-2026,18:45,SELL,07-08-2026 18:45,64.045,07-08-2026 18:46,63.925000000000004,64.105,63.925000000000004,,USD,TP,TP,0.11999999999999744,0.0,0.0,0.0,0.0,0.0,0.11999999999999744,0.007999999999995566,0.249,,2,1,2.03,False,3.479999999999791,OK,,TP hit -> maximum favorable movement -> first entry/SL visit or next signal,07-08-2026 18:46,07-08-2026 18:50,ENTRY_OR_SL
94,07-08-2026,19:15,BUY,07-08-2026 19:15,64.24,07-08-2026 19:16,64.17999999999999,64.17999999999999,64.36,,USD,SL,SL,-0.060000000000002274,0.0,0.0,0.0,0.0,0.0,-0.060000000000002274,0.12099999999999511,0.09300000000000352,,2,1,1.55,False,3.4199999999997885,OK,,,,,
95,07-08-2026,19:30,SELL,07-08-2026 19:30,63.886,07-08-2026 19:32,63.766000000000005,63.946000000000005,63.766000000000005,,USD,TP,TP,0.11999999999999744,0.0,0.0,0.0,0.0,0.0,0.11999999999999744,0.02099999999999369,0.588,,3,2,4.2,False,3.539999999999786,OK,,TP hit -> maximum favorable movement -> first entry/SL visit or next signal,07-08-2026 19:32,07-08-2026 20:00,NEXT_SIGNAL
96,07-08-2026,20:00,BUY,07-08-2026 20:00,63.746,07-08-2026 20:00,63.686,63.686,63.866,,USD,SL,SL,-0.060000000000002274,0.0,0.0,0.0,0.0,0.0,-0.060000000000002274,0.1280000000000001,0.001999999999995339,,1,0,0.03,False,3.4799999999997837,OK,,,,,
97,07-08-2026,20:15,SELL,07-08-2026 20:15,63.615,07-08-2026 20:15,63.675000000000004,63.675000000000004,63.495000000000005,,USD,SL,SL,-0.060000000000002274,0.0,0.0,0.0,0.0,0.0,-0.060000000000002274,0.07099999999999795,0.016000000000005343,,1,0,0.27,False,3.4199999999997814,OK,,,,,
98,07-08-2026,20:15,SELL,07-08-2026 20:15,63.615,07-08-2026 20:15,63.675000000000004,63.675000000000004,63.495000000000005,,USD,SL,SL,-0.060000000000002274,0.0,0.0,0.0,0.0,0.0,-0.060000000000002274,0.07099999999999795,0.016000000000005343,,1,0,0.27,False,3.359999999999779,OK,,,,,
99,07-08-2026,21:00,SELL,07-08-2026 21:00,63.469,07-08-2026 21:01,63.349000000000004,63.529,63.349000000000004,,USD,TP,TP,0.11999999999999744,0.0,0.0,0.0,0.0,0.0,0.11999999999999744,0.027000000000001023,0.13,,2,1,2.17,False,3.4799999999997766,OK,,TP hit -> maximum favorable movement -> first entry/SL visit or next signal,07-08-2026 21:01,07-08-2026 21:03,ENTRY_OR_SL
100,07-08-2026,22:00,SELL,07-08-2026 22:00,63.312,07-08-2026 22:01,63.192,63.372,63.192,,USD,TP,TP,0.11999999999999744,0.0,0.0,0.0,0.0,0.0,0.11999999999999744,0.0,0.151,,2,1,2.52,False,3.599999999999774,OK,,TP hit -> maximum favorable movement -> first entry/SL visit or next signal,07-08-2026 22:01,07-08-2026 22:02,ENTRY_OR_SL
101,10-08-2026,05:15,SELL,10-08-2026 05:15,63.7,10-08-2026 05:26,63.580000000000005,63.760000000000005,63.580000000000005,,USD,TP,TP,0.11999999999999744,0.0,0.0,0.0,0.0,0.0,0.11999999999999744,0.032999999999994145,0.237,,12,11,3.03,False,3.7199999999997715,OK,,TP hit -> maximum favorable movement -> first entry/SL visit or next signal,10-08-2026 05:26,10-08-2026 05:33,ENTRY_OR_SL
102,10-08-2026,05:45,BUY,10-08-2026 05:45,63.963,10-08-2026 05:46,63.903,63.903,64.083,,USD,SL,SL,-0.060000000000002274,0.0,0.0,0.0,0.0,0.0,-0.060000000000002274,0.12899999999999778,0.04899999999999949,,2,1,0.82,False,3.659999999999769,OK,,,,,
103,10-08-2026,06:00,SELL,10-08-2026 06:00,63.638,10-08-2026 06:05,63.518,63.698,63.518,,USD,TP,TP,0.11999999999999744,0.0,0.0,0.0,0.0,0.0,0.11999999999999744,0.02499999999999858,0.492,,6,5,2.43,False,3.7799999999997667,OK,,TP hit -> maximum favorable movement -> first entry/SL visit or next signal,10-08-2026 06:05,10-08-2026 06:33,ENTRY_OR_SL
104,10-08-2026,06:45,SELL,10-08-2026 06:45,63.175,10-08-2026 06:45,63.235,63.235,63.055,,USD,SL,SL,-0.060000000000002274,0.0,0.0,0.0,0.0,0.0,-0.060000000000002274,0.15800000000000125,0.05399999999999494,,1,0,0.9,False,3.7199999999997644,OK,,,,,
105,10-08-2026,07:15,BUY,10-08-2026 07:15,63.255,10-08-2026 07:18,63.375,63.195,63.375,,USD,TP,TP,0.11999999999999744,0.0,0.0,0.0,0.0,0.0,0.11999999999999744,0.018000000000000682,0.432,,4,3,2.53,False,3.839999999999762,OK,,TP hit -> maximum favorable movement -> first entry/SL visit or next signal,10-08-2026 07:18,10-08-2026 08:15,NEXT_SIGNAL
106,10-08-2026,08:15,SELL,10-08-2026 08:15,63.457,10-08-2026 08:17,63.337,63.517,63.337,,USD,TP,TP,0.11999999999999744,0.0,0.0,0.0,0.0,0.0,0.11999999999999744,0.015000000000000568,0.204,,3,2,2.12,False,3.9599999999997593,OK,,TP hit -> maximum favorable movement -> first entry/SL visit or next signal,10-08-2026 08:17,10-08-2026 08:49,ENTRY_OR_SL
107,10-08-2026,09:00,BUY,10-08-2026 09:00,63.483,10-08-2026 09:05,63.602999999999994,63.422999999999995,63.602999999999994,,USD,TP,TP,0.11999999999999744,0.0,0.0,0.0,0.0,0.0,0.11999999999999744,0.02499999999999858,0.432,,6,5,2.0,False,4.079999999999757,OK,,TP hit -> maximum favorable movement -> first entry/SL visit or next signal,10-08-2026 09:05,10-08-2026 10:45,NEXT_SIGNAL
108,10-08-2026,10:45,SELL,10-08-2026 10:45,63.766,10-08-2026 11:00,63.826,63.826,63.646,,USD,SL,SL,-0.060000000000002274,0.0,0.0,0.0,0.0,0.0,-0.060000000000002274,0.1110000000000042,0.15200000000000102,,16,15,2.53,False,4.019999999999754,OK,,,,,
109,10-08-2026,11:15,BUY,10-08-2026 11:15,63.99,10-08-2026 11:15,63.93,63.93,64.11,,USD,SL,SL,-0.060000000000002274,0.0,0.0,0.0,0.0,0.0,-0.060000000000002274,0.07100000000000506,0.0,,1,0,0.0,False,3.959999999999752,OK,,,,,
110,10-08-2026,13:30,SELL,10-08-2026 13:30,64.318,10-08-2026 13:39,64.198,64.378,64.198,,USD,TP,TP,0.12000000000000455,0.0,0.0,0.0,0.0,0.0,0.12000000000000455,0.0010000000000047748,0.13,,10,9,2.12,False,4.079999999999757,OK,,TP hit -> maximum favorable movement -> first entry/SL visit or next signal,10-08-2026 13:39,10-08-2026 13:57,ENTRY_OR_SL
111,10-08-2026,14:00,BUY,10-08-2026 14:00,64.371,10-08-2026 14:02,64.31099999999999,64.31099999999999,64.491,,USD,SL,SL,-0.060000000000002274,0.0,0.0,0.0,0.0,0.0,-0.060000000000002274,0.13400000000000034,0.036000000000001364,,3,2,0.6,False,4.019999999999754,OK,,,,,
112,10-08-2026,14:15,SELL,10-08-2026 14:15,64.144,10-08-2026 14:32,64.20400000000001,64.20400000000001,64.024,,USD,SL,SL,-0.060000000000002274,0.0,0.0,0.0,0.0,0.0,-0.060000000000002274,0.06399999999999295,0.07800000000000296,,18,17,1.3,False,3.959999999999752,OK,,,,,
113,10-08-2026,15:00,SELL,10-08-2026 15:00,64.226,10-08-2026 15:05,64.106,64.286,64.106,,USD,TP,TP,0.12000000000000455,0.0,0.0,0.0,0.0,0.0,0.12000000000000455,0.0,0.428,,6,5,2.3,False,4.079999999999757,OK,,TP hit -> maximum favorable movement -> first entry/SL visit or next signal,10-08-2026 15:05,10-08-2026 17:00,NEXT_SIGNAL
114,10-08-2026,17:00,BUY,10-08-2026 17:00,64.009,10-08-2026 17:19,63.949,63.949,64.129,,USD,SL,SL,-0.060000000000002274,0.0,0.0,0.0,0.0,0.0,-0.060000000000002274,0.07099999999999795,0.08899999999999864,,20,19,1.48,False,4.019999999999754,OK,,,,,
115,10-08-2026,17:45,SELL,10-08-2026 17:45,63.984,10-08-2026 17:50,63.864000000000004,64.044,63.864000000000004,,USD,TP,TP,0.11999999999999744,0.0,0.0,0.0,0.0,0.0,0.11999999999999744,0.003999999999997783,0.242,,6,5,2.0,False,4.139999999999752,OK,,TP hit -> maximum favorable movement -> first entry/SL visit or next signal,10-08-2026 17:50,10-08-2026 18:18,ENTRY_OR_SL
116,10-08-2026,18:45,BUY,10-08-2026 18:45,63.926,10-08-2026 18:52,63.866,63.866,64.046,,USD,SL,SL,-0.060000000000002274,0.0,0.0,0.0,0.0,0.0,-0.060000000000002274,0.06099999999999994,0.08599999999999852,,8,7,1.43,False,4.07999999999975,OK,,,,,
117,10-08-2026,19:45,BUY,10-08-2026 19:45,64.006,10-08-2026 19:45,63.946,63.946,64.126,,USD,SL,SL,-0.060000000000002274,0.0,0.0,0.0,0.0,0.0,-0.060000000000002274,0.0730000000000004,0.01300000000000523,,1,0,0.22,False,4.019999999999747,OK,,,,,
118,10-08-2026,21:15,BUY,10-08-2026 21:15,64.611,10-08-2026 21:20,64.73100000000001,64.551,64.73100000000001,,USD,TP,TP,0.12000000000000455,0.0,0.0,0.0,0.0,0.0,0.12000000000000455,0.02400000000000091,0.652,,6,5,2.68,False,4.139999999999752,OK,,TP hit -> maximum favorable movement -> first entry/SL visit or next signal,10-08-2026 21:20,10-08-2026 22:15,NEXT_SIGNAL
119,10-08-2026,22:15,SELL,10-08-2026 22:15,64.836,10-08-2026 22:16,64.896,64.896,64.716,,USD,SL,SL,-0.060000000000002274,0.0,0.0,0.0,0.0,0.0,-0.060000000000002274,0.060000000000002274,0.016999999999995907,,2,1,0.28,False,4.07999999999975,OK,,,,,
120,11-08-2026,04:00,BUY,11-08-2026 04:00,65.702,11-08-2026 04:23,65.822,65.642,65.822,,USD,TP,TP,0.12000000000000455,0.0,0.0,0.0,0.0,0.0,0.12000000000000455,0.018000000000000682,0.182,,24,23,2.1,False,4.199999999999754,OK,,TP hit -> maximum favorable movement -> first entry/SL visit or next signal,11-08-2026 04:23,11-08-2026 04:45,NEXT_SIGNAL
121,11-08-2026,04:45,SELL,11-08-2026 04:45,65.761,11-08-2026 05:30,65.821,65.821,65.64099999999999,,USD,SL,SL,-0.060000000000002274,0.0,0.0,0.0,0.0,0.0,-0.060000000000002274,0.09199999999999875,0.06699999999999307,,46,45,1.12,False,4.139999999999752,OK,,,,,
122,11-08-2026,05:45,BUY,11-08-2026 05:45,65.985,11-08-2026 05:53,66.105,65.925,66.105,,USD,TP,TP,0.12000000000000455,0.0,0.0,0.0,0.0,0.0,0.12000000000000455,0.04800000000000182,0.236,,9,8,2.02,False,4.259999999999756,OK,,TP hit -> maximum favorable movement -> first entry/SL visit or next signal,11-08-2026 05:53,11-08-2026 06:07,ENTRY_OR_SL
123,11-08-2026,06:15,SELL,11-08-2026 06:15,65.929,11-08-2026 06:16,65.989,65.989,65.809,,USD,SL,SL,-0.060000000000002274,0.0,0.0,0.0,0.0,0.0,-0.060000000000002274,0.06399999999999295,0.045000000000001705,,2,1,0.75,False,4.199999999999754,OK,,,,,
124,11-08-2026,06:45,BUY,11-08-2026 06:45,66.018,11-08-2026 06:47,65.958,65.958,66.138,,USD,SL,SL,-0.060000000000002274,0.0,0.0,0.0,0.0,0.0,-0.060000000000002274,0.08899999999999864,0.06099999999999284,,3,2,1.02,False,4.139999999999752,OK,,,,,
125,11-08-2026,07:15,BUY,11-08-2026 07:15,66.039,11-08-2026 07:16,66.159,65.979,66.159,,USD,TP,TP,0.12000000000000455,0.0,0.0,0.0,0.0,0.0,0.12000000000000455,0.010000000000005116,0.419,,2,1,2.98,False,4.259999999999756,OK,,TP hit -> maximum favorable movement -> first entry/SL visit or next signal,11-08-2026 07:16,11-08-2026 08:06,ENTRY_OR_SL
126,11-08-2026,08:15,SELL,11-08-2026 08:15,65.854,11-08-2026 08:16,65.734,65.914,65.734,,USD,TP,TP,0.12000000000000455,0.0,0.0,0.0,0.0,0.0,0.12000000000000455,0.027000000000001023,0.312,,2,1,2.5,False,4.379999999999761,OK,,TP hit -> maximum favorable movement -> first entry/SL visit or next signal,11-08-2026 08:16,11-08-2026 08:50,ENTRY_OR_SL
127,11-08-2026,09:15,SELL,11-08-2026 09:15,65.797,11-08-2026 09:50,65.67699999999999,65.857,65.67699999999999,,USD,TP,TP,0.12000000000000455,0.0,0.0,0.0,0.0,0.0,0.12000000000000455,0.04600000000000648,0.17,,36,35,2.08,False,4.4999999999997655,OK,,TP hit -> maximum favorable movement -> first entry/SL visit or next signal,11-08-2026 09:50,11-08-2026 10:02,ENTRY_OR_SL
128,11-08-2026,10:15,SELL,11-08-2026 10:15,65.456,11-08-2026 10:20,65.336,65.516,65.336,,USD,TP,TP,0.12000000000000455,0.0,0.0,0.0,0.0,0.0,0.12000000000000455,0.015999999999991132,0.121,,6,5,2.02,False,4.61999999999977,OK,,TP hit -> maximum favorable movement -> first entry/SL visit or next signal,11-08-2026 10:20,11-08-2026 10:29,ENTRY_OR_SL
129,11-08-2026,13:30,BUY,11-08-2026 13:30,64.427,11-08-2026 13:32,64.54700000000001,64.367,64.54700000000001,,USD,TP,TP,0.12000000000000455,0.0,0.0,0.0,0.0,0.0,0.12000000000000455,0.0010000000000047748,0.456,,3,2,2.5,False,4.739999999999775,OK,,TP hit -> maximum favorable movement -> first entry/SL visit or next signal,11-08-2026 13:32,11-08-2026 14:30,NEXT_SIGNAL
130,11-08-2026,14:30,SELL,11-08-2026 14:30,64.649,11-08-2026 14:35,64.709,64.709,64.529,,USD,SL,SL,-0.060000000000002274,0.0,0.0,0.0,0.0,0.0,-0.060000000000002274,0.06900000000000261,0.04999999999999716,,6,5,0.83,False,4.679999999999772,OK,,,,,
131,11-08-2026,14:45,BUY,11-08-2026 14:45,64.746,11-08-2026 15:02,64.866,64.68599999999999,64.866,,USD,TP,TP,0.12000000000000455,0.0,0.0,0.0,0.0,0.0,0.12000000000000455,0.006999999999990791,0.564,,18,17,2.18,False,4.799999999999777,OK,,TP hit -> maximum favorable movement -> first entry/SL visit or next signal,11-08-2026 15:02,11-08-2026 17:30,NEXT_SIGNAL
132,11-08-2026,17:30,SELL,11-08-2026 17:30,65.153,11-08-2026 17:31,65.033,65.21300000000001,65.033,,USD,TP,TP,0.12000000000000455,0.0,0.0,0.0,0.0,0.0,0.12000000000000455,0.001999999999995339,0.167,,2,1,2.42,False,4.919999999999781,OK,,TP hit -> maximum favorable movement -> first entry/SL visit or next signal,11-08-2026 17:31,11-08-2026 17:36,ENTRY_OR_SL
133,11-08-2026,18:00,SELL,11-08-2026 18:00,64.914,11-08-2026 18:02,64.974,64.974,64.794,,USD,SL,SL,-0.060000000000002274,0.0,0.0,0.0,0.0,0.0,-0.060000000000002274,0.09099999999999397,0.11400000000000432,,3,2,1.9,False,4.859999999999779,OK,,,,,
134,11-08-2026,19:15,BUY,11-08-2026 19:15,65.115,11-08-2026 19:15,65.235,65.05499999999999,65.235,,USD,TP,TP,0.12000000000000455,0.0,0.0,0.0,0.0,0.0,0.12000000000000455,0.000999999999990564,0.135,,1,0,2.25,False,4.979999999999784,OK,,TP hit -> maximum favorable movement -> first entry/SL visit or next signal,11-08-2026 19:15,11-08-2026 19:15,ENTRY_OR_SL
135,11-08-2026,19:30,SELL,11-08-2026 19:30,64.856,11-08-2026 19:31,64.916,64.916,64.73599999999999,,USD,SL,SL,-0.060000000000002274,0.0,0.0,0.0,0.0,0.0,-0.060000000000002274,0.07200000000000273,0.08699999999998909,,2,1,1.45,False,4.919999999999781,OK,,,,,
136,11-08-2026,20:15,BUY,11-08-2026 20:15,65.05,11-08-2026 20:24,64.99,64.99,65.17,,USD,SL,SL,-0.060000000000002274,0.0,0.0,0.0,0.0,0.0,-0.060000000000002274,0.060000000000002274,0.034000000000006025,,10,9,0.57,False,4.859999999999779,OK,,,,,
137,11-08-2026,21:30,BUY,11-08-2026 21:30,64.924,11-08-2026 21:34,64.864,64.864,65.04400000000001,,USD,SL,SL,-0.060000000000002274,0.0,0.0,0.0,0.0,0.0,-0.060000000000002274,0.060000000000002274,0.03899999999998727,,5,4,0.65,False,4.799999999999777,OK,,,,,
138,12-08-2026,03:45,BUY,12-08-2026 03:45,64.756,12-08-2026 05:03,64.696,64.696,64.876,,USD,SL,SL,-0.060000000000002274,0.0,0.0,0.0,0.0,0.0,-0.060000000000002274,0.06499999999999773,0.09999999999999432,,79,78,1.67,False,4.739999999999775,OK,,,,,
139,12-08-2026,05:45,BUY,12-08-2026 05:45,64.902,12-08-2026 05:45,64.842,64.842,65.022,,USD,SL,SL,-0.060000000000002274,0.0,0.0,0.0,0.0,0.0,-0.060000000000002274,0.132000000000005,0.0010000000000047748,,1,0,0.02,False,4.679999999999772,OK,,,,,
140,12-08-2026,07:00,SELL,12-08-2026 07:00,64.974,12-08-2026 07:03,64.854,65.034,64.854,,USD,TP,TP,0.12000000000000455,0.0,0.0,0.0,0.0,0.0,0.12000000000000455,0.03499999999999659,0.165,,4,3,2.73,False,4.799999999999777,OK,,TP hit -> maximum favorable movement -> first entry/SL visit or next signal,12-08-2026 07:03,12-08-2026 07:07,ENTRY_OR_SL
141,12-08-2026,07:30,BUY,12-08-2026 07:30,65.077,12-08-2026 07:30,65.017,65.017,65.197,,USD,SL,SL,-0.060000000000002274,0.0,0.0,0.0,0.0,0.0,-0.060000000000002274,0.06199999999999761,0.021000000000000796,,1,0,0.35,False,4.739999999999775,OK,,,,,
142,12-08-2026,09:15,SELL,12-08-2026 09:15,65.418,12-08-2026 09:31,65.298,65.47800000000001,65.298,,USD,TP,TP,0.12000000000000455,0.0,0.0,0.0,0.0,0.0,0.12000000000000455,0.018000000000000682,0.371,,17,16,2.28,False,4.859999999999779,OK,,TP hit -> maximum favorable movement -> first entry/SL visit or next signal,12-08-2026 09:31,12-08-2026 10:15,NEXT_SIGNAL
143,12-08-2026,10:15,BUY,12-08-2026 10:15,65.242,12-08-2026 10:44,65.182,65.182,65.36200000000001,,USD,SL,SL,-0.060000000000002274,0.0,0.0,0.0,0.0,0.0,-0.060000000000002274,0.07699999999999818,0.09999999999999432,,30,29,1.67,False,4.799999999999777,OK,,,,,
144,12-08-2026,10:45,SELL,12-08-2026 10:45,65.169,12-08-2026 10:52,65.04899999999999,65.229,65.04899999999999,,USD,TP,TP,0.12000000000000455,0.0,0.0,0.0,0.0,0.0,0.12000000000000455,0.0040000000000048885,0.267,,8,7,2.78,False,4.919999999999781,OK,,TP hit -> maximum favorable movement -> first entry/SL visit or next signal,12-08-2026 10:52,12-08-2026 11:01,ENTRY_OR_SL
145,12-08-2026,11:30,BUY,12-08-2026 11:30,65.25,12-08-2026 11:32,65.19,65.19,65.37,,USD,SL,SL,-0.060000000000002274,0.0,0.0,0.0,0.0,0.0,-0.060000000000002274,0.07800000000000296,0.031999999999996476,,3,2,0.53,False,4.859999999999779,OK,,,,,
146,12-08-2026,14:45,BUY,12-08-2026 14:45,66.508,12-08-2026 14:52,66.628,66.448,66.628,,USD,TP,TP,0.12000000000000455,0.0,0.0,0.0,0.0,0.0,0.12000000000000455,0.022999999999996135,0.266,,8,7,2.02,False,4.979999999999784,OK,,TP hit -> maximum favorable movement -> first entry/SL visit or next signal,12-08-2026 14:52,12-08-2026 14:59,ENTRY_OR_SL
147,12-08-2026,15:30,SELL,12-08-2026 15:30,66.392,12-08-2026 16:05,66.27199999999999,66.452,66.27199999999999,,USD,TP,TP,0.12000000000000455,0.0,0.0,0.0,0.0,0.0,0.12000000000000455,0.015000000000000568,0.32,,36,35,2.37,False,5.099999999999788,OK,,TP hit -> maximum favorable movement -> first entry/SL visit or next signal,12-08-2026 16:05,12-08-2026 17:00,NEXT_SIGNAL
148,12-08-2026,17:00,BUY,12-08-2026 17:00,66.327,12-08-2026 17:05,66.267,66.267,66.447,,USD,SL,SL,-0.060000000000002274,0.0,0.0,0.0,0.0,0.0,-0.060000000000002274,0.06900000000000261,0.018000000000000682,,6,5,0.3,False,5.039999999999786,OK,,,,,
149,12-08-2026,18:45,SELL,12-08-2026 18:45,66.088,12-08-2026 18:45,66.148,66.148,65.96799999999999,,USD,SL,SL,-0.060000000000002274,0.0,0.0,0.0,0.0,0.0,-0.060000000000002274,0.07500000000000284,0.029999999999986926,,1,0,0.5,False,4.979999999999784,OK,,,,,
150,12-08-2026,19:30,BUY,12-08-2026 19:30,66.133,12-08-2026 19:30,66.073,66.073,66.253,,USD,SL,SL,-0.060000000000002274,0.0,0.0,0.0,0.0,0.0,-0.060000000000002274,0.06900000000000261,0.03900000000000148,,1,0,0.65,False,4.919999999999781,OK,,,,,
151,12-08-2026,20:30,SELL,12-08-2026 20:30,65.851,12-08-2026 20:34,65.731,65.911,65.731,,USD,TP,TP,0.12000000000000455,0.0,0.0,0.0,0.0,0.0,0.12000000000000455,0.016000000000005343,0.208,,5,4,3.47,False,5.039999999999786,OK,,TP hit -> maximum favorable movement -> first entry/SL visit or next signal,12-08-2026 20:34,12-08-2026 20:38,ENTRY_OR_SL
152,12-08-2026,22:00,SELL,12-08-2026 22:00,65.586,12-08-2026 22:02,65.466,65.646,65.466,,USD,TP,TP,0.12000000000000455,0.0,0.0,0.0,0.0,0.0,0.12000000000000455,0.0,0.533,,3,2,2.13,False,5.1599999999997905,OK,,TP hit -> maximum favorable movement -> first entry/SL visit or next signal,12-08-2026 22:02,13-08-2026 00:19,ENTRY_OR_SL
153,13-08-2026,03:45,SELL,13-08-2026 03:45,65.151,13-08-2026 03:57,65.03099999999999,65.211,65.03099999999999,,USD,TP,TP,0.12000000000000455,0.0,0.0,0.0,0.0,0.0,0.12000000000000455,0.0,0.138,,13,12,2.08,False,5.279999999999795,OK,,TP hit -> maximum favorable movement -> first entry/SL visit or next signal,13-08-2026 03:57,13-08-2026 04:38,ENTRY_OR_SL
154,13-08-2026,04:45,BUY,13-08-2026 04:45,65.164,13-08-2026 05:30,65.284,65.104,65.284,,USD,TP,TP,0.12000000000000455,0.0,0.0,0.0,0.0,0.0,0.12000000000000455,0.0040000000000048885,1.123,,46,45,2.33,False,5.3999999999998,OK,,TP hit -> maximum favorable movement -> first entry/SL visit or next signal,13-08-2026 05:30,13-08-2026 06:45,NEXT_SIGNAL
155,13-08-2026,06:45,SELL,13-08-2026 06:45,65.757,13-08-2026 06:45,65.81700000000001,65.81700000000001,65.637,,USD,SL,SL,-0.060000000000002274,0.0,0.0,0.0,0.0,0.0,-0.060000000000002274,0.13700000000000045,0.007000000000005002,,1,0,0.12,False,5.339999999999797,OK,,,,,
156,13-08-2026,08:00,SELL,13-08-2026 08:00,65.511,13-08-2026 08:00,65.39099999999999,65.571,65.39099999999999,,USD,TP,TP,0.12000000000000455,0.0,0.0,0.0,0.0,0.0,0.12000000000000455,0.0040000000000048885,0.35,,1,0,5.83,False,5.459999999999802,OK,,TP hit -> maximum favorable movement -> first entry/SL visit or next signal,13-08-2026 08:00,13-08-2026 08:00,ENTRY_OR_SL
157,13-08-2026,09:15,SELL,13-08-2026 09:15,65.395,13-08-2026 09:22,65.455,65.455,65.27499999999999,,USD,SL,SL,-0.060000000000002274,0.0,0.0,0.0,0.0,0.0,-0.060000000000002274,0.060000000000002274,0.009999999999990905,,8,7,0.17,False,5.3999999999998,OK,,,,,
158,13-08-2026,10:00,BUY,13-08-2026 10:00,65.26,13-08-2026 10:36,65.38000000000001,65.2,65.38000000000001,,USD,TP,TP,0.12000000000000455,0.0,0.0,0.0,0.0,0.0,0.12000000000000455,0.03100000000000591,0.363,,37,36,2.28,False,5.519999999999804,OK,,TP hit -> maximum favorable movement -> first entry/SL visit or next signal,13-08-2026 10:36,13-08-2026 11:02,ENTRY_OR_SL
159,13-08-2026,11:15,SELL,13-08-2026 11:15,65.122,13-08-2026 11:17,65.002,65.182,65.002,,USD,TP,TP,0.12000000000000455,0.0,0.0,0.0,0.0,0.0,0.12000000000000455,0.049000000000006594,0.246,,3,2,2.1,False,5.639999999999809,OK,,TP hit -> maximum favorable movement -> first entry/SL visit or next signal,13-08-2026 11:17,13-08-2026 11:31,ENTRY_OR_SL
160,13-08-2026,13:15,BUY,13-08-2026 13:15,64.773,13-08-2026 13:15,64.713,64.713,64.893,,USD,SL,SL,-0.060000000000002274,0.0,0.0,0.0,0.0,0.0,-0.060000000000002274,0.10599999999999454,0.017000000000010118,,1,0,0.28,False,5.5799999999998064,OK,,,,,
161,13-08-2026,13:30,SELL,13-08-2026 13:30,64.559,13-08-2026 13:33,64.439,64.619,64.439,,USD,TP,TP,0.12000000000000455,0.0,0.0,0.0,0.0,0.0,0.12000000000000455,0.04600000000000648,0.374,,4,3,2.2,False,5.699999999999811,OK,,TP hit -> maximum favorable movement -> first entry/SL visit or next signal,13-08-2026 13:33,13-08-2026 14:05,ENTRY_OR_SL
162,13-08-2026,17:00,SELL,13-08-2026 17:00,64.86,13-08-2026 17:06,64.92,64.92,64.74,,USD,SL,SL,-0.060000000000002274,0.0,0.0,0.0,0.0,0.0,-0.060000000000002274,0.06799999999999784,0.019000000000005457,,7,6,0.32,False,5.639999999999809,OK,,,,,
163,13-08-2026,17:30,BUY,13-08-2026 17:30,65.016,13-08-2026 17:34,64.956,64.956,65.13600000000001,,USD,SL,SL,-0.060000000000002274,0.0,0.0,0.0,0.0,0.0,-0.060000000000002274,0.06500000000001194,0.0379999999999967,,5,4,0.63,False,5.5799999999998064,OK,,,,,
164,13-08-2026,18:00,BUY,13-08-2026 18:00,65.02,13-08-2026 18:00,64.96,64.96,65.14,,USD,SL,SL,-0.060000000000002274,0.0,0.0,0.0,0.0,0.0,-0.060000000000002274,0.1280000000000001,0.2400000000000091,,1,0,4.0,False,5.519999999999804,OK,,,,,
165,13-08-2026,19:00,SELL,13-08-2026 19:00,65.108,13-08-2026 19:00,65.168,65.168,64.988,,USD,SL,SL,-0.060000000000002274,0.0,0.0,0.0,0.0,0.0,-0.060000000000002274,0.0660000000000025,0.02600000000001046,,1,0,0.43,False,5.459999999999802,OK,,,,,
166,13-08-2026,20:15,BUY,13-08-2026 20:15,64.964,13-08-2026 20:18,65.084,64.904,65.084,,USD,TP,TP,0.12000000000000455,0.0,0.0,0.0,0.0,0.0,0.12000000000000455,0.0040000000000048885,0.144,,4,3,2.4,False,5.5799999999998064,OK,,TP hit -> maximum favorable movement -> first entry/SL visit or next signal,13-08-2026 20:18,13-08-2026 20:20,ENTRY_OR_SL
167,13-08-2026,20:45,SELL,13-08-2026 20:45,64.716,13-08-2026 20:47,64.59599999999999,64.776,64.59599999999999,,USD,TP,TP,0.12000000000000455,0.0,0.0,0.0,0.0,0.0,0.12000000000000455,0.01100000000000989,0.168,,3,2,2.1,False,5.699999999999811,OK,,TP hit -> maximum favorable movement -> first entry/SL visit or next signal,13-08-2026 20:47,13-08-2026 20:54,ENTRY_OR_SL
168,13-08-2026,21:30,SELL,13-08-2026 21:30,64.644,13-08-2026 21:40,64.524,64.70400000000001,64.524,,USD,TP,TP,0.12000000000000455,0.0,0.0,0.0,0.0,0.0,0.12000000000000455,0.05099999999998772,0.229,,11,10,2.18,False,5.8199999999998155,OK,,TP hit -> maximum favorable movement -> first entry/SL visit or next signal,13-08-2026 21:40,13-08-2026 22:00,NEXT_SIGNAL
169,13-08-2026,22:00,BUY,13-08-2026 22:00,64.633,13-08-2026 22:05,64.753,64.573,64.753,,USD,TP,TP,0.12000000000000455,0.0,0.0,0.0,0.0,0.0,0.12000000000000455,0.0,0.304,,6,5,2.1,False,5.93999999999982,OK,,TP hit -> maximum favorable movement -> first entry/SL visit or next signal,13-08-2026 22:05,13-08-2026 23:00,NEXT_SIGNAL
170,13-08-2026,23:00,SELL,13-08-2026 23:00,64.71,13-08-2026 23:44,64.77,64.77,64.58999999999999,,USD,SL,SL,-0.060000000000002274,0.0,0.0,0.0,0.0,0.0,-0.060000000000002274,0.06300000000000239,0.09499999999999886,,45,44,1.58,False,5.879999999999818,OK,,,,,
171,14-08-2026,04:00,BUY,14-08-2026 04:00,64.423,14-08-2026 04:44,64.543,64.363,64.543,,USD,TP,TP,0.12000000000000455,0.0,0.0,0.0,0.0,0.0,0.12000000000000455,0.03499999999999659,0.289,,45,44,2.03,False,5.999999999999822,OK,,TP hit -> maximum favorable movement -> first entry/SL visit or next signal,14-08-2026 04:44,14-08-2026 05:42,ENTRY_OR_SL
