Trade number,Signal date,Signal time,Side,Entry time,Entry price,Exit time,Exit price,SL,TP,BE,Unit,Exit reason,TP/SL outcome,Gross profit/loss,Commission,Clearing fee,Exchange fee,IP fee,NFA fee,Net profit/loss,MAE,MFE,ETD,Bars held,Duration minutes,Max RR,BE activated,Cumulative net profit,Status,Error
1,03-08-2026,04:30,SELL,03-08-2026 04:30,58.31,03-08-2026 05:42,58.150000000000006,58.39,58.150000000000006,,USD,TP,TP,0.1599999999999966,0.0,0.0,0.0,0.0,0.0,0.1599999999999966,0.07900000000000063,0.1910000000000025,,73,72,2.39,False,0.1599999999999966,OK,
2,03-08-2026,05:30,BUY,03-08-2026 05:30,58.291,03-08-2026 05:36,58.211,58.211,58.45099999999999,,USD,SL,SL,-0.0799999999999983,0.0,0.0,0.0,0.0,0.0,-0.0799999999999983,0.09799999999999898,0.09800000000000608,,7,6,1.23,False,0.0799999999999983,OK,
3,03-08-2026,05:45,SELL,03-08-2026 05:45,58.156,03-08-2026 05:55,57.996,58.236,57.996,,USD,TP,TP,0.1599999999999966,0.0,0.0,0.0,0.0,0.0,0.1599999999999966,0.06900000000000261,0.2010000000000005,,11,10,2.51,False,0.23999999999999488,OK,
4,03-08-2026,06:45,BUY,03-08-2026 06:45,58.041,03-08-2026 06:46,57.961,57.961,58.20099999999999,,USD,SL,SL,-0.0799999999999983,0.0,0.0,0.0,0.0,0.0,-0.0799999999999983,0.10999999999999943,0.04200000000000159,,2,1,0.53,False,0.1599999999999966,OK,
5,03-08-2026,07:00,BUY,03-08-2026 07:00,58.14,03-08-2026 07:12,58.06,58.06,58.3,,USD,SL,SL,-0.0799999999999983,0.0,0.0,0.0,0.0,0.0,-0.0799999999999983,0.10500000000000398,0.08800000000000097,,13,12,1.1,False,0.0799999999999983,OK,
6,03-08-2026,07:45,SELL,03-08-2026 07:45,58.115,03-08-2026 07:50,58.195,58.195,57.955000000000005,,USD,SL,SL,-0.0799999999999983,0.0,0.0,0.0,0.0,0.0,-0.0799999999999983,0.08500000000000085,0.1180000000000021,,6,5,1.48,False,0.0,OK,
7,03-08-2026,08:30,BUY,03-08-2026 08:30,58.111,03-08-2026 09:37,58.270999999999994,58.031,58.270999999999994,,USD,TP,TP,0.1599999999999966,0.0,0.0,0.0,0.0,0.0,0.1599999999999966,0.04299999999999926,0.21000000000000085,,68,67,2.63,False,0.1599999999999966,OK,
8,03-08-2026,09:00,SELL,03-08-2026 09:00,58.133,03-08-2026 09:03,58.213,58.213,57.973000000000006,,USD,SL,SL,-0.0799999999999983,0.0,0.0,0.0,0.0,0.0,-0.0799999999999983,0.08099999999999596,0.025000000000005684,,4,3,0.31,False,0.0799999999999983,OK,
9,03-08-2026,09:30,BUY,03-08-2026 09:30,58.222,03-08-2026 09:58,58.382,58.142,58.382,,USD,TP,TP,0.1599999999999966,0.0,0.0,0.0,0.0,0.0,0.1599999999999966,0.020000000000003126,0.16499999999999915,,29,28,2.06,False,0.23999999999999488,OK,
10,03-08-2026,10:30,SELL,03-08-2026 10:30,58.276,03-08-2026 10:45,58.11600000000001,58.356,58.11600000000001,,USD,TP,TP,0.1599999999999966,0.0,0.0,0.0,0.0,0.0,0.1599999999999966,0.04899999999999949,0.18299999999999983,,16,15,2.29,False,0.3999999999999915,OK,
11,03-08-2026,11:30,BUY,03-08-2026 11:30,58.152,03-08-2026 11:53,58.312,58.072,58.312,,USD,TP,TP,0.1599999999999966,0.0,0.0,0.0,0.0,0.0,0.1599999999999966,0.06499999999999773,0.38700000000000045,,24,23,4.84,False,0.5599999999999881,OK,
12,03-08-2026,12:15,SELL,03-08-2026 12:15,58.181,03-08-2026 12:32,58.021,58.260999999999996,58.021,,USD,TP,TP,0.1599999999999966,0.0,0.0,0.0,0.0,0.0,0.1599999999999966,0.07000000000000028,0.16199999999999903,,18,17,2.02,False,0.7199999999999847,OK,
13,03-08-2026,13:15,BUY,03-08-2026 13:15,58.117,03-08-2026 13:22,58.276999999999994,58.037,58.276999999999994,,USD,TP,TP,0.1599999999999966,0.0,0.0,0.0,0.0,0.0,0.1599999999999966,0.0030000000000001137,0.1739999999999995,,8,7,2.17,False,0.8799999999999812,OK,
14,03-08-2026,14:00,BUY,03-08-2026 14:00,58.179,03-08-2026 14:09,58.339,58.099000000000004,58.339,,USD,TP,TP,0.1599999999999966,0.0,0.0,0.0,0.0,0.0,0.1599999999999966,0.026000000000003354,0.18199999999999505,,10,9,2.27,False,1.0399999999999778,OK,
15,03-08-2026,14:15,BUY,03-08-2026 14:15,58.303,03-08-2026 14:53,58.223,58.223,58.462999999999994,,USD,SL,SL,-0.0799999999999983,0.0,0.0,0.0,0.0,0.0,-0.0799999999999983,0.11299999999999955,0.07100000000000506,,39,38,0.89,False,0.9599999999999795,OK,
16,03-08-2026,15:00,SELL,03-08-2026 15:00,58.171,03-08-2026 16:01,58.011,58.251,58.011,,USD,TP,TP,0.1599999999999966,0.0,0.0,0.0,0.0,0.0,0.1599999999999966,0.06400000000000006,0.16400000000000148,,62,61,2.05,False,1.1199999999999761,OK,
17,03-08-2026,17:30,BUY,03-08-2026 17:30,57.984,03-08-2026 17:40,57.904,57.904,58.144,,USD,SL,SL,-0.0799999999999983,0.0,0.0,0.0,0.0,0.0,-0.0799999999999983,0.11400000000000432,0.047999999999994714,,11,10,0.6,False,1.0399999999999778,OK,
18,03-08-2026,17:45,SELL,03-08-2026 17:45,57.829,03-08-2026 17:50,57.669000000000004,57.909,57.669000000000004,,USD,TP,TP,0.1599999999999966,0.0,0.0,0.0,0.0,0.0,0.1599999999999966,0.012999999999998124,0.17300000000000182,,6,5,2.16,False,1.1999999999999744,OK,
19,03-08-2026,19:30,BUY,03-08-2026 19:30,57.106,03-08-2026 19:30,57.026,57.026,57.266,,USD,SL,SL,-0.0799999999999983,0.0,0.0,0.0,0.0,0.0,-0.0799999999999983,0.09799999999999898,0.006999999999997897,,1,0,0.09,False,1.1199999999999761,OK,
20,03-08-2026,20:15,BUY,03-08-2026 20:15,57.226,03-08-2026 20:18,57.146,57.146,57.385999999999996,,USD,SL,SL,-0.0799999999999983,0.0,0.0,0.0,0.0,0.0,-0.0799999999999983,0.11899999999999977,0.012000000000000455,,4,3,0.15,False,1.0399999999999778,OK,
21,03-08-2026,21:15,BUY,03-08-2026 21:15,57.356,03-08-2026 22:02,57.516,57.276,57.516,,USD,TP,TP,0.1599999999999966,0.0,0.0,0.0,0.0,0.0,0.1599999999999966,0.0,0.17300000000000182,,48,47,2.16,False,1.1999999999999744,OK,
22,04-08-2026,03:45,SELL,04-08-2026 03:45,58.017,04-08-2026 04:01,58.097,58.097,57.857000000000006,,USD,SL,SL,-0.0799999999999983,0.0,0.0,0.0,0.0,0.0,-0.0799999999999983,0.09099999999999397,0.017000000000003013,,17,16,0.21,False,1.1199999999999761,OK,
23,04-08-2026,04:15,BUY,04-08-2026 04:15,58.115,04-08-2026 05:30,58.275,58.035000000000004,58.275,,USD,TP,TP,0.1599999999999966,0.0,0.0,0.0,0.0,0.0,0.1599999999999966,0.04800000000000182,0.16400000000000148,,76,75,2.05,False,1.2799999999999727,OK,
24,04-08-2026,06:15,SELL,04-08-2026 06:15,58.254,04-08-2026 06:30,58.094,58.333999999999996,58.094,,USD,TP,TP,0.1599999999999966,0.0,0.0,0.0,0.0,0.0,0.1599999999999966,0.006000000000000227,0.17799999999999727,,16,15,2.22,False,1.4399999999999693,OK,
25,04-08-2026,07:00,BUY,04-08-2026 07:00,58.321,04-08-2026 07:05,58.480999999999995,58.241,58.480999999999995,,USD,TP,TP,0.1599999999999966,0.0,0.0,0.0,0.0,0.0,0.1599999999999966,0.009000000000000341,0.21399999999999864,,6,5,2.67,False,1.599999999999966,OK,
26,04-08-2026,08:30,SELL,04-08-2026 08:30,58.616,04-08-2026 08:41,58.696,58.696,58.456,,USD,SL,SL,-0.0799999999999983,0.0,0.0,0.0,0.0,0.0,-0.0799999999999983,0.10300000000000153,0.0379999999999967,,12,11,0.47,False,1.5199999999999676,OK,
27,04-08-2026,09:15,SELL,04-08-2026 09:15,58.604,04-08-2026 09:22,58.684,58.684,58.444,,USD,SL,SL,-0.0799999999999983,0.0,0.0,0.0,0.0,0.0,-0.0799999999999983,0.08400000000000318,0.01099999999999568,,8,7,0.14,False,1.4399999999999693,OK,
28,04-08-2026,09:45,BUY,04-08-2026 09:45,58.749,04-08-2026 10:00,58.909,58.669000000000004,58.909,,USD,TP,TP,0.1599999999999966,0.0,0.0,0.0,0.0,0.0,0.1599999999999966,0.020000000000003126,0.16199999999999903,,16,15,2.02,False,1.599999999999966,OK,
29,04-08-2026,10:45,SELL,04-08-2026 10:45,58.738,04-08-2026 10:49,58.818,58.818,58.578,,USD,SL,SL,-0.0799999999999983,0.0,0.0,0.0,0.0,0.0,-0.0799999999999983,0.11399999999999721,0.015000000000000568,,5,4,0.19,False,1.5199999999999676,OK,
30,04-08-2026,11:00,BUY,04-08-2026 11:00,58.911,04-08-2026 11:08,58.831,58.831,59.071,,USD,SL,SL,-0.0799999999999983,0.0,0.0,0.0,0.0,0.0,-0.0799999999999983,0.08299999999999841,0.11599999999999966,,9,8,1.45,False,1.4399999999999693,OK,
31,04-08-2026,11:30,BUY,04-08-2026 11:30,58.971,04-08-2026 11:31,59.13099999999999,58.891,59.13099999999999,,USD,TP,TP,0.1599999999999966,0.0,0.0,0.0,0.0,0.0,0.1599999999999966,0.0009999999999976694,0.17100000000000648,,2,1,2.14,False,1.599999999999966,OK,
32,04-08-2026,12:00,SELL,04-08-2026 12:00,58.902,04-08-2026 12:31,58.982,58.982,58.742000000000004,,USD,SL,SL,-0.0799999999999983,0.0,0.0,0.0,0.0,0.0,-0.0799999999999983,0.11500000000000199,0.12299999999999756,,32,31,1.54,False,1.5199999999999676,OK,
33,04-08-2026,12:30,BUY,04-08-2026 12:30,58.914,04-08-2026 13:03,59.074,58.834,59.074,,USD,TP,TP,0.1599999999999966,0.0,0.0,0.0,0.0,0.0,0.1599999999999966,0.01899999999999835,0.17900000000000205,,34,33,2.24,False,1.6799999999999642,OK,
34,04-08-2026,13:30,BUY,04-08-2026 13:30,58.954,04-08-2026 13:33,59.114,58.874,59.114,,USD,TP,TP,0.1599999999999966,0.0,0.0,0.0,0.0,0.0,0.1599999999999966,0.02300000000000324,0.18999999999999773,,4,3,2.37,False,1.8399999999999608,OK,
35,04-08-2026,14:00,SELL,04-08-2026 14:00,58.91,04-08-2026 14:27,58.75,58.989999999999995,58.75,,USD,TP,TP,0.1599999999999966,0.0,0.0,0.0,0.0,0.0,0.1599999999999966,0.06200000000000472,0.1629999999999967,,28,27,2.04,False,1.9999999999999574,OK,
36,04-08-2026,15:30,SELL,04-08-2026 15:30,58.731,04-08-2026 16:13,58.571000000000005,58.811,58.571000000000005,,USD,TP,TP,0.1599999999999966,0.0,0.0,0.0,0.0,0.0,0.1599999999999966,0.0049999999999954525,0.16100000000000136,,44,43,2.01,False,2.159999999999954,OK,
37,04-08-2026,16:15,BUY,04-08-2026 16:15,58.766,04-08-2026 16:15,58.925999999999995,58.686,58.925999999999995,,USD,TP,TP,0.1599999999999966,0.0,0.0,0.0,0.0,0.0,0.1599999999999966,0.015999999999998238,0.19000000000000483,,1,0,2.38,False,2.3199999999999505,OK,
38,04-08-2026,16:45,BUY,04-08-2026 16:45,58.864,04-08-2026 16:57,59.023999999999994,58.784,59.023999999999994,,USD,TP,TP,0.1599999999999966,0.0,0.0,0.0,0.0,0.0,0.1599999999999966,0.0049999999999954525,0.1600000000000037,,13,12,2.0,False,2.479999999999947,OK,
39,04-08-2026,18:00,BUY,04-08-2026 18:00,59.539,04-08-2026 18:00,59.699,59.459,59.699,,USD,TP,TP,0.1599999999999966,0.0,0.0,0.0,0.0,0.0,0.1599999999999966,0.0,0.25,,1,0,3.12,False,2.6399999999999437,OK,
40,04-08-2026,18:45,SELL,04-08-2026 18:45,59.47,04-08-2026 18:50,59.55,59.55,59.31,,USD,SL,SL,-0.0799999999999983,0.0,0.0,0.0,0.0,0.0,-0.0799999999999983,0.12599999999999767,0.1460000000000008,,6,5,1.83,False,2.5599999999999454,OK,
41,04-08-2026,19:00,BUY,04-08-2026 19:00,59.719,04-08-2026 19:01,59.639,59.639,59.879,,USD,SL,SL,-0.0799999999999983,0.0,0.0,0.0,0.0,0.0,-0.0799999999999983,0.1319999999999979,0.08399999999999608,,2,1,1.05,False,2.479999999999947,OK,
42,04-08-2026,20:00,SELL,04-08-2026 20:00,59.51,04-08-2026 20:07,59.35,59.589999999999996,59.35,,USD,TP,TP,0.1599999999999966,0.0,0.0,0.0,0.0,0.0,0.1599999999999966,0.006000000000000227,0.20700000000000074,,8,7,2.59,False,2.6399999999999437,OK,
43,04-08-2026,20:45,SELL,04-08-2026 20:45,59.502,04-08-2026 20:53,59.342000000000006,59.582,59.342000000000006,,USD,TP,TP,0.1599999999999966,0.0,0.0,0.0,0.0,0.0,0.1599999999999966,0.030999999999998806,0.2050000000000054,,9,8,2.56,False,2.7999999999999403,OK,
44,04-08-2026,21:15,BUY,04-08-2026 21:15,59.653,04-08-2026 21:54,59.812999999999995,59.573,59.812999999999995,,USD,TP,TP,0.1599999999999966,0.0,0.0,0.0,0.0,0.0,0.1599999999999966,0.05799999999999983,0.17200000000000415,,40,39,2.15,False,2.959999999999937,OK,
45,05-08-2026,04:00,BUY,05-08-2026 04:00,59.501,05-08-2026 04:32,59.421,59.421,59.660999999999994,,USD,SL,SL,-0.0799999999999983,0.0,0.0,0.0,0.0,0.0,-0.0799999999999983,0.11599999999999966,0.06800000000000495,,33,32,0.85,False,2.8799999999999386,OK,
46,05-08-2026,06:00,BUY,05-08-2026 06:00,59.583,05-08-2026 06:33,59.742999999999995,59.503,59.742999999999995,,USD,TP,TP,0.1599999999999966,0.0,0.0,0.0,0.0,0.0,0.1599999999999966,0.02499999999999858,0.1810000000000045,,34,33,2.26,False,3.039999999999935,OK,
47,05-08-2026,07:00,SELL,05-08-2026 07:00,59.556,05-08-2026 07:00,59.635999999999996,59.635999999999996,59.396,,USD,SL,SL,-0.0799999999999983,0.0,0.0,0.0,0.0,0.0,-0.0799999999999983,0.08400000000000318,0.006999999999997897,,1,0,0.09,False,2.959999999999937,OK,
48,05-08-2026,07:15,BUY,05-08-2026 07:15,59.839,05-08-2026 08:03,59.998999999999995,59.759,59.998999999999995,,USD,TP,TP,0.1599999999999966,0.0,0.0,0.0,0.0,0.0,0.1599999999999966,0.07000000000000028,0.1670000000000016,,49,48,2.09,False,3.1199999999999335,OK,
49,05-08-2026,09:30,BUY,05-08-2026 09:30,60.72,05-08-2026 10:56,60.879999999999995,60.64,60.879999999999995,,USD,TP,TP,0.1599999999999966,0.0,0.0,0.0,0.0,0.0,0.1599999999999966,0.07699999999999818,0.17500000000000426,,87,86,2.19,False,3.27999999999993,OK,
50,05-08-2026,10:15,SELL,05-08-2026 10:15,60.71,05-08-2026 10:50,60.79,60.79,60.550000000000004,,USD,SL,SL,-0.0799999999999983,0.0,0.0,0.0,0.0,0.0,-0.0799999999999983,0.10600000000000165,0.06700000000000017,,36,35,0.84,False,3.199999999999932,OK,
51,05-08-2026,10:45,BUY,05-08-2026 10:45,60.759,05-08-2026 11:00,60.919,60.679,60.919,,USD,TP,TP,0.1599999999999966,0.0,0.0,0.0,0.0,0.0,0.1599999999999966,0.02400000000000091,0.28000000000000114,,16,15,3.5,False,3.3599999999999284,OK,
52,05-08-2026,13:00,SELL,05-08-2026 13:00,61.565,05-08-2026 13:07,61.644999999999996,61.644999999999996,61.405,,USD,SL,SL,-0.0799999999999983,0.0,0.0,0.0,0.0,0.0,-0.0799999999999983,0.08800000000000097,0.03499999999999659,,8,7,0.44,False,3.27999999999993,OK,
53,05-08-2026,13:15,BUY,05-08-2026 13:15,61.701,05-08-2026 13:44,61.621,61.621,61.861,,USD,SL,SL,-0.0799999999999983,0.0,0.0,0.0,0.0,0.0,-0.0799999999999983,0.11699999999999733,0.1390000000000029,,30,29,1.74,False,3.199999999999932,OK,
54,05-08-2026,13:45,SELL,05-08-2026 13:45,61.593,05-08-2026 13:55,61.43300000000001,61.673,61.43300000000001,,USD,TP,TP,0.1599999999999966,0.0,0.0,0.0,0.0,0.0,0.1599999999999966,0.00999999999999801,0.16500000000000625,,11,10,2.06,False,3.3599999999999284,OK,
55,05-08-2026,15:00,SELL,05-08-2026 15:00,61.397,05-08-2026 15:08,61.477,61.477,61.237,,USD,SL,SL,-0.0799999999999983,0.0,0.0,0.0,0.0,0.0,-0.0799999999999983,0.15200000000000102,0.02599999999999625,,9,8,0.32,False,3.27999999999993,OK,
56,05-08-2026,15:30,SELL,05-08-2026 15:30,61.422,05-08-2026 15:37,61.262,61.501999999999995,61.262,,USD,TP,TP,0.1599999999999966,0.0,0.0,0.0,0.0,0.0,0.1599999999999966,0.014000000000002899,0.16599999999999682,,8,7,2.07,False,3.4399999999999267,OK,
57,05-08-2026,16:30,BUY,05-08-2026 16:30,61.244,05-08-2026 16:39,61.403999999999996,61.164,61.403999999999996,,USD,TP,TP,0.1599999999999966,0.0,0.0,0.0,0.0,0.0,0.1599999999999966,0.03399999999999892,0.19200000000000017,,10,9,2.4,False,3.5999999999999233,OK,
58,05-08-2026,18:15,SELL,05-08-2026 18:15,61.799,05-08-2026 18:17,61.879,61.879,61.639,,USD,SL,SL,-0.0799999999999983,0.0,0.0,0.0,0.0,0.0,-0.0799999999999983,0.08400000000000318,0.04999999999999716,,3,2,0.62,False,3.519999999999925,OK,
59,05-08-2026,18:45,BUY,05-08-2026 18:45,61.757,05-08-2026 18:51,61.916999999999994,61.677,61.916999999999994,,USD,TP,TP,0.1599999999999966,0.0,0.0,0.0,0.0,0.0,0.1599999999999966,0.06700000000000017,0.22500000000000142,,7,6,2.81,False,3.6799999999999216,OK,
60,05-08-2026,20:45,BUY,05-08-2026 20:45,62.419,05-08-2026 20:46,62.339,62.339,62.57899999999999,,USD,SL,SL,-0.0799999999999983,0.0,0.0,0.0,0.0,0.0,-0.0799999999999983,0.09199999999999875,0.005000000000002558,,2,1,0.06,False,3.5999999999999233,OK,
61,05-08-2026,21:15,SELL,05-08-2026 21:15,62.338,05-08-2026 21:19,62.178000000000004,62.418,62.178000000000004,,USD,TP,TP,0.1599999999999966,0.0,0.0,0.0,0.0,0.0,0.1599999999999966,0.0,0.259999999999998,,5,4,3.25,False,3.75999999999992,OK,
62,05-08-2026,22:00,BUY,05-08-2026 22:00,62.13,05-08-2026 22:02,62.050000000000004,62.050000000000004,62.29,,USD,SL,SL,-0.0799999999999983,0.0,0.0,0.0,0.0,0.0,-0.0799999999999983,0.09200000000000585,0.03899999999999437,,3,2,0.49,False,3.6799999999999216,OK,
63,06-08-2026,03:45,BUY,06-08-2026 03:45,62.058,06-08-2026 05:09,62.217999999999996,61.978,62.217999999999996,,USD,TP,TP,0.1599999999999966,0.0,0.0,0.0,0.0,0.0,0.1599999999999966,0.06400000000000006,0.23400000000000176,,85,84,2.93,False,3.839999999999918,OK,
64,06-08-2026,04:45,BUY,06-08-2026 04:45,62.102,06-08-2026 05:09,62.26199999999999,62.022,62.26199999999999,,USD,TP,TP,0.1599999999999966,0.0,0.0,0.0,0.0,0.0,0.1599999999999966,0.023999999999993804,0.19000000000000483,,25,24,2.38,False,3.9999999999999147,OK,
65,06-08-2026,06:15,BUY,06-08-2026 06:15,62.376,06-08-2026 06:16,62.535999999999994,62.296,62.535999999999994,,USD,TP,TP,0.1599999999999966,0.0,0.0,0.0,0.0,0.0,0.1599999999999966,0.027999999999998693,0.19400000000000261,,2,1,2.43,False,4.159999999999911,OK,
66,06-08-2026,06:45,SELL,06-08-2026 06:45,62.408,06-08-2026 06:50,62.248000000000005,62.488,62.248000000000005,,USD,TP,TP,0.1599999999999966,0.0,0.0,0.0,0.0,0.0,0.1599999999999966,0.06400000000000006,0.2010000000000005,,6,5,2.51,False,4.319999999999908,OK,
67,06-08-2026,08:30,SELL,06-08-2026 08:30,62.277,06-08-2026 08:45,62.117000000000004,62.357,62.117000000000004,,USD,TP,TP,0.1599999999999966,0.0,0.0,0.0,0.0,0.0,0.1599999999999966,0.0660000000000025,0.19400000000000261,,16,15,2.43,False,4.4799999999999045,OK,
68,06-08-2026,09:30,BUY,06-08-2026 09:30,62.081,06-08-2026 09:58,62.001000000000005,62.001000000000005,62.241,,USD,SL,SL,-0.0799999999999983,0.0,0.0,0.0,0.0,0.0,-0.0799999999999983,0.09000000000000341,0.09799999999999898,,29,28,1.22,False,4.399999999999906,OK,
69,06-08-2026,10:45,SELL,06-08-2026 10:45,62.063,06-08-2026 10:51,61.903000000000006,62.143,61.903000000000006,,USD,TP,TP,0.1599999999999966,0.0,0.0,0.0,0.0,0.0,0.1599999999999966,0.0,0.16799999999999926,,7,6,2.1,False,4.559999999999903,OK,
70,06-08-2026,10:45,BUY,06-08-2026 10:45,62.063,06-08-2026 10:46,61.983000000000004,61.983000000000004,62.223,,USD,SL,SL,-0.0799999999999983,0.0,0.0,0.0,0.0,0.0,-0.0799999999999983,0.10300000000000153,0.0,,2,1,0.0,False,4.4799999999999045,OK,
71,06-08-2026,11:15,BUY,06-08-2026 11:15,61.93,06-08-2026 11:20,62.089999999999996,61.85,62.089999999999996,,USD,TP,TP,0.1599999999999966,0.0,0.0,0.0,0.0,0.0,0.1599999999999966,0.03399999999999892,0.17600000000000193,,6,5,2.2,False,4.639999999999901,OK,
72,06-08-2026,11:45,SELL,06-08-2026 11:45,61.935,06-08-2026 12:02,61.775000000000006,62.015,61.775000000000006,,USD,TP,TP,0.1599999999999966,0.0,0.0,0.0,0.0,0.0,0.1599999999999966,0.012999999999998124,0.1980000000000004,,18,17,2.48,False,4.799999999999898,OK,
73,06-08-2026,12:45,BUY,06-08-2026 12:45,61.816,06-08-2026 13:14,61.736000000000004,61.736000000000004,61.976,,USD,SL,SL,-0.0799999999999983,0.0,0.0,0.0,0.0,0.0,-0.0799999999999983,0.08600000000000563,0.09999999999999432,,30,29,1.25,False,4.719999999999899,OK,
74,06-08-2026,13:15,SELL,06-08-2026 13:15,61.747,06-08-2026 13:27,61.827,61.827,61.587,,USD,SL,SL,-0.0799999999999983,0.0,0.0,0.0,0.0,0.0,-0.0799999999999983,0.10499999999999687,0.13300000000000267,,13,12,1.66,False,4.639999999999901,OK,
75,06-08-2026,13:30,BUY,06-08-2026 13:30,61.892,06-08-2026 13:33,61.812000000000005,61.812000000000005,62.052,,USD,SL,SL,-0.0799999999999983,0.0,0.0,0.0,0.0,0.0,-0.0799999999999983,0.1280000000000001,0.030999999999998806,,4,3,0.39,False,4.559999999999903,OK,
76,06-08-2026,16:30,SELL,06-08-2026 16:30,61.711,06-08-2026 16:30,61.791,61.791,61.551,,USD,SL,SL,-0.0799999999999983,0.0,0.0,0.0,0.0,0.0,-0.0799999999999983,0.08100000000000307,0.02400000000000091,,1,0,0.3,False,4.4799999999999045,OK,
77,06-08-2026,17:45,SELL,06-08-2026 17:45,61.514,06-08-2026 17:50,61.594,61.594,61.354000000000006,,USD,SL,SL,-0.0799999999999983,0.0,0.0,0.0,0.0,0.0,-0.0799999999999983,0.17199999999999704,0.059000000000004604,,6,5,0.74,False,4.399999999999906,OK,
78,06-08-2026,19:00,BUY,06-08-2026 19:00,61.367,06-08-2026 19:06,61.526999999999994,61.287,61.526999999999994,,USD,TP,TP,0.1599999999999966,0.0,0.0,0.0,0.0,0.0,0.1599999999999966,0.03999999999999915,0.17800000000000438,,7,6,2.23,False,4.559999999999903,OK,
79,06-08-2026,19:45,SELL,06-08-2026 19:45,61.56,06-08-2026 19:49,61.64,61.64,61.400000000000006,,USD,SL,SL,-0.0799999999999983,0.0,0.0,0.0,0.0,0.0,-0.0799999999999983,0.08599999999999852,0.09199999999999875,,5,4,1.15,False,4.4799999999999045,OK,
80,06-08-2026,20:45,SELL,06-08-2026 20:45,61.551,06-08-2026 20:47,61.391000000000005,61.631,61.391000000000005,,USD,TP,TP,0.1599999999999966,0.0,0.0,0.0,0.0,0.0,0.1599999999999966,0.0,0.30799999999999983,,3,2,3.85,False,4.639999999999901,OK,
81,07-08-2026,04:00,BUY,07-08-2026 04:00,61.462,07-08-2026 05:19,61.622,61.382000000000005,61.622,,USD,TP,TP,0.1599999999999966,0.0,0.0,0.0,0.0,0.0,0.1599999999999966,0.03100000000000591,0.1629999999999967,,80,79,2.04,False,4.799999999999898,OK,
82,07-08-2026,05:45,SELL,07-08-2026 05:45,61.472,07-08-2026 06:08,61.312000000000005,61.552,61.312000000000005,,USD,TP,TP,0.1599999999999966,0.0,0.0,0.0,0.0,0.0,0.1599999999999966,0.015000000000000568,0.2289999999999992,,24,23,2.86,False,4.959999999999894,OK,
83,07-08-2026,06:45,BUY,07-08-2026 06:45,61.571,07-08-2026 06:51,61.730999999999995,61.491,61.730999999999995,,USD,TP,TP,0.1599999999999966,0.0,0.0,0.0,0.0,0.0,0.1599999999999966,0.001999999999995339,0.16499999999999915,,7,6,2.06,False,5.119999999999891,OK,
84,07-08-2026,08:15,SELL,07-08-2026 08:15,61.961,07-08-2026 08:18,62.041,62.041,61.801,,USD,SL,SL,-0.0799999999999983,0.0,0.0,0.0,0.0,0.0,-0.0799999999999983,0.08500000000000085,0.055999999999997385,,4,3,0.7,False,5.039999999999893,OK,
85,07-08-2026,08:45,BUY,07-08-2026 08:45,62.128,07-08-2026 09:12,62.288,62.048,62.288,,USD,TP,TP,0.1599999999999966,0.0,0.0,0.0,0.0,0.0,0.1599999999999966,0.03499999999999659,0.17900000000000205,,28,27,2.24,False,5.199999999999889,OK,
86,07-08-2026,10:00,SELL,07-08-2026 10:00,62.237,07-08-2026 10:01,62.317,62.317,62.077000000000005,,USD,SL,SL,-0.0799999999999983,0.0,0.0,0.0,0.0,0.0,-0.0799999999999983,0.11699999999999733,0.02499999999999858,,2,1,0.31,False,5.119999999999891,OK,
87,07-08-2026,11:15,BUY,07-08-2026 11:15,62.445,07-08-2026 11:19,62.605,62.365,62.605,,USD,TP,TP,0.1599999999999966,0.0,0.0,0.0,0.0,0.0,0.1599999999999966,0.018000000000000682,0.16100000000000136,,5,4,2.01,False,5.2799999999998875,OK,
88,07-08-2026,13:15,BUY,07-08-2026 13:15,63.715,07-08-2026 13:31,63.875,63.635000000000005,63.875,,USD,TP,TP,0.1599999999999966,0.0,0.0,0.0,0.0,0.0,0.1599999999999966,0.0660000000000025,0.1909999999999954,,17,16,2.39,False,5.439999999999884,OK,
89,07-08-2026,15:30,SELL,07-08-2026 15:30,64.407,07-08-2026 15:48,64.247,64.487,64.247,,USD,TP,TP,0.1599999999999966,0.0,0.0,0.0,0.0,0.0,0.1599999999999966,0.010000000000005116,0.1599999999999966,,19,18,2.0,False,5.599999999999881,OK,
90,07-08-2026,16:30,SELL,07-08-2026 16:30,64.287,07-08-2026 16:30,64.367,64.367,64.12700000000001,,USD,SL,SL,-0.0799999999999983,0.0,0.0,0.0,0.0,0.0,-0.0799999999999983,0.09599999999998943,0.014000000000010004,,1,0,0.18,False,5.519999999999882,OK,
91,07-08-2026,16:45,SELL,07-08-2026 16:45,64.117,07-08-2026 16:47,63.95700000000001,64.197,63.95700000000001,,USD,TP,TP,0.1599999999999966,0.0,0.0,0.0,0.0,0.0,0.1599999999999966,0.006999999999990791,0.18700000000000472,,3,2,2.34,False,5.679999999999879,OK,
92,07-08-2026,18:15,BUY,07-08-2026 18:15,64.765,07-08-2026 18:15,64.925,64.685,64.925,,USD,TP,TP,0.1599999999999966,0.0,0.0,0.0,0.0,0.0,0.1599999999999966,0.0030000000000001137,0.16200000000000614,,1,0,2.03,False,5.8399999999998755,OK,
93,07-08-2026,18:45,SELL,07-08-2026 18:45,64.045,07-08-2026 18:48,63.885000000000005,64.125,63.885000000000005,,USD,TP,TP,0.1599999999999966,0.0,0.0,0.0,0.0,0.0,0.1599999999999966,0.007999999999995566,0.24900000000000233,,4,3,3.11,False,5.999999999999872,OK,
94,07-08-2026,19:15,BUY,07-08-2026 19:15,64.24,07-08-2026 19:16,64.16,64.16,64.39999999999999,,USD,SL,SL,-0.0799999999999983,0.0,0.0,0.0,0.0,0.0,-0.0799999999999983,0.12099999999999511,0.09300000000000352,,2,1,1.16,False,5.919999999999874,OK,
95,07-08-2026,19:30,SELL,07-08-2026 19:30,63.886,07-08-2026 19:32,63.726000000000006,63.966,63.726000000000006,,USD,TP,TP,0.1599999999999966,0.0,0.0,0.0,0.0,0.0,0.1599999999999966,0.02099999999999369,0.25200000000000244,,3,2,3.15,False,6.07999999999987,OK,
96,07-08-2026,20:00,BUY,07-08-2026 20:00,63.746,07-08-2026 20:00,63.666000000000004,63.666000000000004,63.906,,USD,SL,SL,-0.0799999999999983,0.0,0.0,0.0,0.0,0.0,-0.0799999999999983,0.1280000000000001,0.001999999999995339,,1,0,0.02,False,5.999999999999872,OK,
97,07-08-2026,20:15,SELL,07-08-2026 20:15,63.615,07-08-2026 20:19,63.455000000000005,63.695,63.455000000000005,,USD,TP,TP,0.1599999999999966,0.0,0.0,0.0,0.0,0.0,0.1599999999999966,0.07099999999999795,0.20400000000000063,,5,4,2.55,False,6.159999999999869,OK,
98,07-08-2026,20:15,SELL,07-08-2026 20:15,63.615,07-08-2026 20:19,63.455000000000005,63.695,63.455000000000005,,USD,TP,TP,0.1599999999999966,0.0,0.0,0.0,0.0,0.0,0.1599999999999966,0.07099999999999795,0.20400000000000063,,5,4,2.55,False,6.319999999999865,OK,
99,07-08-2026,21:00,SELL,07-08-2026 21:00,63.469,07-08-2026 21:07,63.549,63.549,63.309000000000005,,USD,SL,SL,-0.0799999999999983,0.0,0.0,0.0,0.0,0.0,-0.0799999999999983,0.08500000000000085,0.13000000000000256,,8,7,1.63,False,6.239999999999867,OK,
100,07-08-2026,22:00,SELL,07-08-2026 22:00,63.312,07-08-2026 22:22,63.152,63.391999999999996,63.152,,USD,TP,TP,0.1599999999999966,0.0,0.0,0.0,0.0,0.0,0.1599999999999966,0.025000000000005684,0.16399999999999437,,23,22,2.05,False,6.399999999999864,OK,
101,10-08-2026,05:15,SELL,10-08-2026 05:15,63.7,10-08-2026 05:26,63.540000000000006,63.78,63.540000000000006,,USD,TP,TP,0.1599999999999966,0.0,0.0,0.0,0.0,0.0,0.1599999999999966,0.032999999999994145,0.18200000000000216,,12,11,2.28,False,6.55999999999986,OK,
102,10-08-2026,05:45,BUY,10-08-2026 05:45,63.963,10-08-2026 05:46,63.883,63.883,64.123,,USD,SL,SL,-0.0799999999999983,0.0,0.0,0.0,0.0,0.0,-0.0799999999999983,0.12899999999999778,0.04899999999999949,,2,1,0.61,False,6.479999999999862,OK,
103,10-08-2026,06:00,SELL,10-08-2026 06:00,63.638,10-08-2026 06:06,63.478,63.717999999999996,63.478,,USD,TP,TP,0.1599999999999966,0.0,0.0,0.0,0.0,0.0,0.1599999999999966,0.02499999999999858,0.16199999999999903,,7,6,2.02,False,6.6399999999998585,OK,
104,10-08-2026,06:45,SELL,10-08-2026 06:45,63.175,10-08-2026 06:45,63.254999999999995,63.254999999999995,63.015,,USD,SL,SL,-0.0799999999999983,0.0,0.0,0.0,0.0,0.0,-0.0799999999999983,0.15800000000000125,0.05399999999999494,,1,0,0.67,False,6.55999999999986,OK,
105,10-08-2026,07:15,BUY,10-08-2026 07:15,63.255,10-08-2026 07:19,63.415,63.175000000000004,63.415,,USD,TP,TP,0.1599999999999966,0.0,0.0,0.0,0.0,0.0,0.1599999999999966,0.018000000000000682,0.16599999999999682,,5,4,2.07,False,6.719999999999857,OK,
106,10-08-2026,08:15,SELL,10-08-2026 08:15,63.457,10-08-2026 08:23,63.297000000000004,63.537,63.297000000000004,,USD,TP,TP,0.1599999999999966,0.0,0.0,0.0,0.0,0.0,0.1599999999999966,0.015000000000000568,0.16400000000000148,,9,8,2.05,False,6.879999999999853,OK,
107,10-08-2026,09:00,BUY,10-08-2026 09:00,63.483,10-08-2026 09:07,63.642999999999994,63.403,63.642999999999994,,USD,TP,TP,0.1599999999999966,0.0,0.0,0.0,0.0,0.0,0.1599999999999966,0.02499999999999858,0.19900000000000517,,8,7,2.49,False,7.03999999999985,OK,
108,10-08-2026,10:45,SELL,10-08-2026 10:45,63.766,10-08-2026 11:00,63.846,63.846,63.606,,USD,SL,SL,-0.0799999999999983,0.0,0.0,0.0,0.0,0.0,-0.0799999999999983,0.1110000000000042,0.15200000000000102,,16,15,1.9,False,6.959999999999852,OK,
109,10-08-2026,11:15,BUY,10-08-2026 11:15,63.99,10-08-2026 11:16,63.910000000000004,63.910000000000004,64.15,,USD,SL,SL,-0.0799999999999983,0.0,0.0,0.0,0.0,0.0,-0.0799999999999983,0.08300000000000551,0.0,,2,1,0.0,False,6.879999999999853,OK,
110,10-08-2026,13:30,SELL,10-08-2026 13:30,64.318,10-08-2026 14:00,64.398,64.398,64.158,,USD,SL,SL,-0.0799999999999983,0.0,0.0,0.0,0.0,0.0,-0.0799999999999983,0.08899999999999864,0.12999999999999545,,31,30,1.62,False,6.799999999999855,OK,
111,10-08-2026,14:00,BUY,10-08-2026 14:00,64.371,10-08-2026 14:02,64.291,64.291,64.53099999999999,,USD,SL,SL,-0.0799999999999983,0.0,0.0,0.0,0.0,0.0,-0.0799999999999983,0.13400000000000034,0.036000000000001364,,3,2,0.45,False,6.719999999999857,OK,
112,10-08-2026,14:15,SELL,10-08-2026 14:15,64.144,10-08-2026 14:34,64.224,64.224,63.98400000000001,,USD,SL,SL,-0.0799999999999983,0.0,0.0,0.0,0.0,0.0,-0.0799999999999983,0.08699999999998909,0.07800000000000296,,20,19,0.98,False,6.6399999999998585,OK,
113,10-08-2026,15:00,SELL,10-08-2026 15:00,64.226,10-08-2026 15:20,64.066,64.306,64.066,,USD,TP,TP,0.1599999999999966,0.0,0.0,0.0,0.0,0.0,0.1599999999999966,0.0,0.16400000000000148,,21,20,2.05,False,6.799999999999855,OK,
114,10-08-2026,17:00,BUY,10-08-2026 17:00,64.009,10-08-2026 17:49,63.929,63.929,64.169,,USD,SL,SL,-0.0799999999999983,0.0,0.0,0.0,0.0,0.0,-0.0799999999999983,0.08200000000000074,0.0969999999999942,,50,49,1.21,False,6.719999999999857,OK,
115,10-08-2026,17:45,SELL,10-08-2026 17:45,63.984,10-08-2026 17:51,63.824000000000005,64.06400000000001,63.824000000000005,,USD,TP,TP,0.1599999999999966,0.0,0.0,0.0,0.0,0.0,0.1599999999999966,0.003999999999997783,0.17500000000000426,,7,6,2.19,False,6.879999999999853,OK,
116,10-08-2026,18:45,BUY,10-08-2026 18:45,63.926,10-08-2026 19:06,64.086,63.846000000000004,64.086,,USD,TP,TP,0.1599999999999966,0.0,0.0,0.0,0.0,0.0,0.1599999999999966,0.07800000000000296,0.2009999999999934,,22,21,2.51,False,7.03999999999985,OK,
117,10-08-2026,19:45,BUY,10-08-2026 19:45,64.006,10-08-2026 19:46,63.926,63.926,64.166,,USD,SL,SL,-0.0799999999999983,0.0,0.0,0.0,0.0,0.0,-0.0799999999999983,0.09600000000000364,0.01300000000000523,,2,1,0.16,False,6.959999999999852,OK,
118,10-08-2026,21:15,BUY,10-08-2026 21:15,64.611,10-08-2026 21:20,64.771,64.531,64.771,,USD,TP,TP,0.1599999999999966,0.0,0.0,0.0,0.0,0.0,0.1599999999999966,0.02400000000000091,0.16100000000000136,,6,5,2.01,False,7.119999999999848,OK,
119,10-08-2026,22:15,SELL,10-08-2026 22:15,64.836,10-08-2026 22:30,64.916,64.916,64.676,,USD,SL,SL,-0.0799999999999983,0.0,0.0,0.0,0.0,0.0,-0.0799999999999983,0.09199999999999875,0.07699999999999818,,16,15,0.96,False,7.03999999999985,OK,
120,11-08-2026,04:00,BUY,11-08-2026 04:00,65.702,11-08-2026 04:30,65.862,65.622,65.862,,USD,TP,TP,0.1599999999999966,0.0,0.0,0.0,0.0,0.0,0.1599999999999966,0.018000000000000682,0.18200000000000216,,31,30,2.28,False,7.1999999999998465,OK,
121,11-08-2026,04:45,SELL,11-08-2026 04:45,65.761,11-08-2026 05:30,65.841,65.841,65.601,,USD,SL,SL,-0.0799999999999983,0.0,0.0,0.0,0.0,0.0,-0.0799999999999983,0.09199999999999875,0.06699999999999307,,46,45,0.84,False,7.119999999999848,OK,
122,11-08-2026,05:45,BUY,11-08-2026 05:45,65.985,11-08-2026 05:54,66.145,65.905,66.145,,USD,TP,TP,0.1599999999999966,0.0,0.0,0.0,0.0,0.0,0.1599999999999966,0.04800000000000182,0.16200000000000614,,10,9,2.03,False,7.279999999999845,OK,
123,11-08-2026,06:15,SELL,11-08-2026 06:15,65.929,11-08-2026 06:29,65.769,66.009,65.769,,USD,TP,TP,0.1599999999999966,0.0,0.0,0.0,0.0,0.0,0.1599999999999966,0.07099999999999795,0.25,,15,14,3.12,False,7.439999999999841,OK,
124,11-08-2026,06:45,BUY,11-08-2026 06:45,66.018,11-08-2026 06:47,65.938,65.938,66.178,,USD,SL,SL,-0.0799999999999983,0.0,0.0,0.0,0.0,0.0,-0.0799999999999983,0.08899999999999864,0.06099999999999284,,3,2,0.76,False,7.359999999999843,OK,
125,11-08-2026,07:15,BUY,11-08-2026 07:15,66.039,11-08-2026 07:16,66.199,65.959,66.199,,USD,TP,TP,0.1599999999999966,0.0,0.0,0.0,0.0,0.0,0.1599999999999966,0.010000000000005116,0.17900000000000205,,2,1,2.24,False,7.51999999999984,OK,
126,11-08-2026,08:15,SELL,11-08-2026 08:15,65.854,11-08-2026 08:17,65.694,65.934,65.694,,USD,TP,TP,0.1599999999999966,0.0,0.0,0.0,0.0,0.0,0.1599999999999966,0.027000000000001023,0.17499999999999716,,3,2,2.19,False,7.679999999999836,OK,
127,11-08-2026,09:15,SELL,11-08-2026 09:15,65.797,11-08-2026 10:00,65.637,65.877,65.637,,USD,TP,TP,0.1599999999999966,0.0,0.0,0.0,0.0,0.0,0.1599999999999966,0.04600000000000648,0.16799999999999216,,46,45,2.1,False,7.839999999999833,OK,
128,11-08-2026,10:15,SELL,11-08-2026 10:15,65.456,11-08-2026 10:46,65.296,65.536,65.296,,USD,TP,TP,0.1599999999999966,0.0,0.0,0.0,0.0,0.0,0.1599999999999966,0.06199999999999761,0.16100000000000136,,32,31,2.01,False,7.9999999999998295,OK,
129,11-08-2026,13:30,BUY,11-08-2026 13:30,64.427,11-08-2026 13:33,64.587,64.34700000000001,64.587,,USD,TP,TP,0.1599999999999966,0.0,0.0,0.0,0.0,0.0,0.1599999999999966,0.0010000000000047748,0.17499999999999716,,4,3,2.19,False,8.159999999999826,OK,
130,11-08-2026,14:30,SELL,11-08-2026 14:30,64.649,11-08-2026 14:40,64.729,64.729,64.489,,USD,SL,SL,-0.0799999999999983,0.0,0.0,0.0,0.0,0.0,-0.0799999999999983,0.0799999999999983,0.04999999999999716,,11,10,0.62,False,8.079999999999828,OK,
131,11-08-2026,14:45,BUY,11-08-2026 14:45,64.746,11-08-2026 15:18,64.90599999999999,64.666,64.90599999999999,,USD,TP,TP,0.1599999999999966,0.0,0.0,0.0,0.0,0.0,0.1599999999999966,0.006999999999990791,0.1840000000000117,,34,33,2.3,False,8.239999999999824,OK,
132,11-08-2026,17:30,SELL,11-08-2026 17:30,65.153,11-08-2026 17:32,64.99300000000001,65.233,64.99300000000001,,USD,TP,TP,0.1599999999999966,0.0,0.0,0.0,0.0,0.0,0.1599999999999966,0.001999999999995339,0.1670000000000016,,3,2,2.09,False,8.399999999999821,OK,
133,11-08-2026,18:00,SELL,11-08-2026 18:00,64.914,11-08-2026 18:02,64.994,64.994,64.754,,USD,SL,SL,-0.0799999999999983,0.0,0.0,0.0,0.0,0.0,-0.0799999999999983,0.09099999999999397,0.11400000000000432,,3,2,1.43,False,8.319999999999823,OK,
134,11-08-2026,19:15,BUY,11-08-2026 19:15,65.115,11-08-2026 19:17,65.035,65.035,65.27499999999999,,USD,SL,SL,-0.0799999999999983,0.0,0.0,0.0,0.0,0.0,-0.0799999999999983,0.09999999999999432,0.13500000000000512,,3,2,1.69,False,8.239999999999824,OK,
135,11-08-2026,19:30,SELL,11-08-2026 19:30,64.856,11-08-2026 19:46,64.93599999999999,64.93599999999999,64.696,,USD,SL,SL,-0.0799999999999983,0.0,0.0,0.0,0.0,0.0,-0.0799999999999983,0.09700000000000841,0.11399999999999011,,17,16,1.42,False,8.159999999999826,OK,
136,11-08-2026,20:15,BUY,11-08-2026 20:15,65.05,11-08-2026 20:28,64.97,64.97,65.21,,USD,SL,SL,-0.0799999999999983,0.0,0.0,0.0,0.0,0.0,-0.0799999999999983,0.09799999999999898,0.04600000000000648,,14,13,0.58,False,8.079999999999828,OK,
137,11-08-2026,21:30,BUY,11-08-2026 21:30,64.924,11-08-2026 21:36,64.84400000000001,64.84400000000001,65.084,,USD,SL,SL,-0.0799999999999983,0.0,0.0,0.0,0.0,0.0,-0.0799999999999983,0.0940000000000083,0.03899999999998727,,7,6,0.49,False,7.9999999999998295,OK,
138,12-08-2026,03:45,BUY,12-08-2026 03:45,64.756,12-08-2026 05:44,64.916,64.676,64.916,,USD,TP,TP,0.1599999999999966,0.0,0.0,0.0,0.0,0.0,0.1599999999999966,0.06700000000000728,0.18500000000000227,,120,119,2.31,False,8.159999999999826,OK,
139,12-08-2026,05:45,BUY,12-08-2026 05:45,64.902,12-08-2026 05:45,64.822,64.822,65.062,,USD,SL,SL,-0.0799999999999983,0.0,0.0,0.0,0.0,0.0,-0.0799999999999983,0.132000000000005,0.0010000000000047748,,1,0,0.01,False,8.079999999999828,OK,
140,12-08-2026,07:00,SELL,12-08-2026 07:00,64.974,12-08-2026 07:03,64.81400000000001,65.054,64.81400000000001,,USD,TP,TP,0.1599999999999966,0.0,0.0,0.0,0.0,0.0,0.1599999999999966,0.03499999999999659,0.16400000000000148,,4,3,2.05,False,8.239999999999824,OK,
141,12-08-2026,07:30,BUY,12-08-2026 07:30,65.077,12-08-2026 07:33,64.997,64.997,65.237,,USD,SL,SL,-0.0799999999999983,0.0,0.0,0.0,0.0,0.0,-0.0799999999999983,0.08199999999999363,0.021000000000000796,,4,3,0.26,False,8.159999999999826,OK,
142,12-08-2026,09:15,SELL,12-08-2026 09:15,65.418,12-08-2026 09:37,65.25800000000001,65.498,65.25800000000001,,USD,TP,TP,0.1599999999999966,0.0,0.0,0.0,0.0,0.0,0.1599999999999966,0.018000000000000682,0.18000000000000682,,23,22,2.25,False,8.319999999999823,OK,
143,12-08-2026,10:15,BUY,12-08-2026 10:15,65.242,12-08-2026 10:45,65.162,65.162,65.402,,USD,SL,SL,-0.0799999999999983,0.0,0.0,0.0,0.0,0.0,-0.0799999999999983,0.09100000000000819,0.09999999999999432,,31,30,1.25,False,8.239999999999824,OK,
144,12-08-2026,10:45,SELL,12-08-2026 10:45,65.169,12-08-2026 10:52,65.009,65.249,65.009,,USD,TP,TP,0.1599999999999966,0.0,0.0,0.0,0.0,0.0,0.1599999999999966,0.0040000000000048885,0.1670000000000016,,8,7,2.09,False,8.399999999999821,OK,
145,12-08-2026,11:30,BUY,12-08-2026 11:30,65.25,12-08-2026 11:33,65.17,65.17,65.41,,USD,SL,SL,-0.0799999999999983,0.0,0.0,0.0,0.0,0.0,-0.0799999999999983,0.10599999999999454,0.031999999999996476,,4,3,0.4,False,8.319999999999823,OK,
146,12-08-2026,14:45,BUY,12-08-2026 14:45,66.508,12-08-2026 14:53,66.66799999999999,66.428,66.66799999999999,,USD,TP,TP,0.1599999999999966,0.0,0.0,0.0,0.0,0.0,0.1599999999999966,0.022999999999996135,0.20100000000000762,,9,8,2.51,False,8.47999999999982,OK,
147,12-08-2026,15:30,SELL,12-08-2026 15:30,66.392,12-08-2026 16:18,66.232,66.472,66.232,,USD,TP,TP,0.1599999999999966,0.0,0.0,0.0,0.0,0.0,0.1599999999999966,0.015000000000000568,0.20999999999999375,,49,48,2.62,False,8.639999999999816,OK,
148,12-08-2026,17:00,BUY,12-08-2026 17:00,66.327,12-08-2026 17:07,66.247,66.247,66.487,,USD,SL,SL,-0.0799999999999983,0.0,0.0,0.0,0.0,0.0,-0.0799999999999983,0.09799999999999898,0.018000000000000682,,8,7,0.23,False,8.559999999999818,OK,
149,12-08-2026,18:45,SELL,12-08-2026 18:45,66.088,12-08-2026 18:46,66.16799999999999,66.16799999999999,65.928,,USD,SL,SL,-0.0799999999999983,0.0,0.0,0.0,0.0,0.0,-0.0799999999999983,0.08800000000000807,0.029999999999986926,,2,1,0.37,False,8.47999999999982,OK,
150,12-08-2026,19:30,BUY,12-08-2026 19:30,66.133,12-08-2026 19:32,66.053,66.053,66.29299999999999,,USD,SL,SL,-0.0799999999999983,0.0,0.0,0.0,0.0,0.0,-0.0799999999999983,0.19899999999999807,0.03900000000000148,,3,2,0.49,False,8.399999999999821,OK,
151,12-08-2026,20:30,SELL,12-08-2026 20:30,65.851,12-08-2026 20:34,65.691,65.931,65.691,,USD,TP,TP,0.1599999999999966,0.0,0.0,0.0,0.0,0.0,0.1599999999999966,0.016000000000005343,0.2079999999999984,,5,4,2.6,False,8.559999999999818,OK,
152,12-08-2026,22:00,SELL,12-08-2026 22:00,65.586,12-08-2026 22:03,65.426,65.666,65.426,,USD,TP,TP,0.1599999999999966,0.0,0.0,0.0,0.0,0.0,0.1599999999999966,0.0,0.18099999999999739,,4,3,2.26,False,8.719999999999814,OK,
153,13-08-2026,03:45,SELL,13-08-2026 03:45,65.151,13-08-2026 04:55,65.231,65.231,64.991,,USD,SL,SL,-0.0799999999999983,0.0,0.0,0.0,0.0,0.0,-0.0799999999999983,0.09300000000000352,0.13799999999999102,,71,70,1.72,False,8.639999999999816,OK,
154,13-08-2026,04:45,BUY,13-08-2026 04:45,65.164,13-08-2026 05:31,65.324,65.084,65.324,,USD,TP,TP,0.1599999999999966,0.0,0.0,0.0,0.0,0.0,0.1599999999999966,0.0040000000000048885,0.18500000000000227,,47,46,2.31,False,8.799999999999812,OK,
155,13-08-2026,06:45,SELL,13-08-2026 06:45,65.757,13-08-2026 06:45,65.837,65.837,65.59700000000001,,USD,SL,SL,-0.0799999999999983,0.0,0.0,0.0,0.0,0.0,-0.0799999999999983,0.13700000000000045,0.007000000000005002,,1,0,0.09,False,8.719999999999814,OK,
156,13-08-2026,08:00,SELL,13-08-2026 08:00,65.511,13-08-2026 08:00,65.351,65.591,65.351,,USD,TP,TP,0.1599999999999966,0.0,0.0,0.0,0.0,0.0,0.1599999999999966,0.0040000000000048885,0.3499999999999943,,1,0,4.37,False,8.87999999999981,OK,
157,13-08-2026,09:15,SELL,13-08-2026 09:15,65.395,13-08-2026 09:31,65.235,65.475,65.235,,USD,TP,TP,0.1599999999999966,0.0,0.0,0.0,0.0,0.0,0.1599999999999966,0.060000000000002274,0.24199999999999022,,17,16,3.02,False,9.039999999999807,OK,
158,13-08-2026,10:00,BUY,13-08-2026 10:00,65.26,13-08-2026 10:39,65.42,65.18,65.42,,USD,TP,TP,0.1599999999999966,0.0,0.0,0.0,0.0,0.0,0.1599999999999966,0.03100000000000591,0.16599999999999682,,40,39,2.07,False,9.199999999999804,OK,
159,13-08-2026,11:15,SELL,13-08-2026 11:15,65.122,13-08-2026 11:20,64.962,65.202,64.962,,USD,TP,TP,0.1599999999999966,0.0,0.0,0.0,0.0,0.0,0.1599999999999966,0.049000000000006594,0.17300000000000182,,6,5,2.16,False,9.3599999999998,OK,
160,13-08-2026,13:15,BUY,13-08-2026 13:15,64.773,13-08-2026 13:15,64.693,64.693,64.93299999999999,,USD,SL,SL,-0.0799999999999983,0.0,0.0,0.0,0.0,0.0,-0.0799999999999983,0.10599999999999454,0.017000000000010118,,1,0,0.21,False,9.279999999999802,OK,
161,13-08-2026,13:30,SELL,13-08-2026 13:30,64.559,13-08-2026 13:39,64.399,64.639,64.399,,USD,TP,TP,0.1599999999999966,0.0,0.0,0.0,0.0,0.0,0.1599999999999966,0.04600000000000648,0.17799999999999727,,10,9,2.22,False,9.439999999999799,OK,
162,13-08-2026,17:00,SELL,13-08-2026 17:00,64.86,13-08-2026 17:27,64.94,64.94,64.7,,USD,SL,SL,-0.0799999999999983,0.0,0.0,0.0,0.0,0.0,-0.0799999999999983,0.09600000000000364,0.04099999999999682,,28,27,0.51,False,9.3599999999998,OK,
163,13-08-2026,17:30,BUY,13-08-2026 17:30,65.016,13-08-2026 17:50,64.936,64.936,65.176,,USD,SL,SL,-0.0799999999999983,0.0,0.0,0.0,0.0,0.0,-0.0799999999999983,0.09700000000000841,0.11199999999999477,,21,20,1.4,False,9.279999999999802,OK,
164,13-08-2026,18:00,BUY,13-08-2026 18:00,65.02,13-08-2026 18:00,64.94,64.94,65.17999999999999,,USD,SL,SL,-0.0799999999999983,0.0,0.0,0.0,0.0,0.0,-0.0799999999999983,0.1280000000000001,0.2400000000000091,,1,0,3.0,False,9.199999999999804,OK,
165,13-08-2026,19:00,SELL,13-08-2026 19:00,65.108,13-08-2026 19:03,64.94800000000001,65.188,64.94800000000001,,USD,TP,TP,0.1599999999999966,0.0,0.0,0.0,0.0,0.0,0.1599999999999966,0.0660000000000025,0.2120000000000033,,4,3,2.65,False,9.3599999999998,OK,
166,13-08-2026,20:15,BUY,13-08-2026 20:15,64.964,13-08-2026 20:36,64.884,64.884,65.124,,USD,SL,SL,-0.0799999999999983,0.0,0.0,0.0,0.0,0.0,-0.0799999999999983,0.10200000000000387,0.14400000000000546,,22,21,1.8,False,9.279999999999802,OK,
167,13-08-2026,20:45,SELL,13-08-2026 20:45,64.716,13-08-2026 20:48,64.556,64.79599999999999,64.556,,USD,TP,TP,0.1599999999999966,0.0,0.0,0.0,0.0,0.0,0.1599999999999966,0.01100000000000989,0.16799999999999216,,4,3,2.1,False,9.439999999999799,OK,
168,13-08-2026,21:30,SELL,13-08-2026 21:30,64.644,13-08-2026 21:44,64.48400000000001,64.724,64.48400000000001,,USD,TP,TP,0.1599999999999966,0.0,0.0,0.0,0.0,0.0,0.1599999999999966,0.05099999999998772,0.16500000000000625,,15,14,2.06,False,9.599999999999795,OK,
169,13-08-2026,22:00,BUY,13-08-2026 22:00,64.633,13-08-2026 22:14,64.79299999999999,64.553,64.79299999999999,,USD,TP,TP,0.1599999999999966,0.0,0.0,0.0,0.0,0.0,0.1599999999999966,0.0,0.1770000000000067,,15,14,2.21,False,9.759999999999792,OK,
170,13-08-2026,23:00,SELL,13-08-2026 23:00,64.71,13-08-2026 23:45,64.78999999999999,64.78999999999999,64.55,,USD,SL,SL,-0.0799999999999983,0.0,0.0,0.0,0.0,0.0,-0.0799999999999983,0.09800000000001319,0.09499999999999886,,46,45,1.19,False,9.679999999999794,OK,
171,14-08-2026,04:00,BUY,14-08-2026 04:00,64.423,14-08-2026 04:55,64.583,64.343,64.583,,USD,TP,TP,0.1599999999999966,0.0,0.0,0.0,0.0,0.0,0.1599999999999966,0.03499999999999659,0.18999999999999773,,56,55,2.37,False,9.83999999999979,OK,
172,31-08-2026,03:45,BUY,31-08-2026 03:45,66.3,31-08-2026 04:28,66.46,66.22,66.46,,USD,TP,TP,0.1599999999999966,0.0,0.0,0.0,0.0,0.0,0.1599999999999966,0.07500000000000284,0.25500000000000966,,44,43,3.19,False,9.999999999999787,OK,
173,31-08-2026,05:00,SELL,31-08-2026 05:00,66.429,31-08-2026 05:11,66.269,66.509,66.269,,USD,TP,TP,0.1599999999999966,0.0,0.0,0.0,0.0,0.0,0.1599999999999966,0.0,0.1740000000000066,,12,11,2.18,False,10.159999999999783,OK,
174,31-08-2026,05:30,BUY,31-08-2026 05:30,66.422,31-08-2026 05:30,66.342,66.342,66.582,,USD,SL,SL,-0.0799999999999983,0.0,0.0,0.0,0.0,0.0,-0.0799999999999983,0.0799999999999983,0.06199999999999761,,1,0,0.77,False,10.079999999999785,OK,
175,31-08-2026,06:30,SELL,31-08-2026 06:30,66.409,31-08-2026 06:30,66.24900000000001,66.489,66.24900000000001,,USD,TP,TP,0.1599999999999966,0.0,0.0,0.0,0.0,0.0,0.1599999999999966,0.006000000000000227,0.23499999999999943,,1,0,2.94,False,10.239999999999782,OK,
176,31-08-2026,07:15,BUY,31-08-2026 07:15,66.372,31-08-2026 07:17,66.292,66.292,66.532,,USD,SL,SL,-0.0799999999999983,0.0,0.0,0.0,0.0,0.0,-0.0799999999999983,0.1910000000000025,0.06900000000000261,,3,2,0.86,False,10.159999999999783,OK,
177,31-08-2026,07:30,SELL,31-08-2026 07:30,66.235,31-08-2026 07:30,66.075,66.315,66.075,,USD,TP,TP,0.1599999999999966,0.0,0.0,0.0,0.0,0.0,0.1599999999999966,0.027000000000001023,0.20199999999999818,,1,0,2.52,False,10.31999999999978,OK,
178,31-08-2026,08:30,BUY,31-08-2026 08:30,66.097,31-08-2026 08:46,66.25699999999999,66.017,66.25699999999999,,USD,TP,TP,0.1599999999999966,0.0,0.0,0.0,0.0,0.0,0.1599999999999966,0.02599999999999625,0.1600000000000108,,17,16,2.0,False,10.479999999999777,OK,
179,31-08-2026,09:15,SELL,31-08-2026 09:15,66.104,31-08-2026 09:20,66.184,66.184,65.944,,USD,SL,SL,-0.0799999999999983,0.0,0.0,0.0,0.0,0.0,-0.0799999999999983,0.09999999999999432,0.021000000000000796,,6,5,0.26,False,10.399999999999778,OK,
180,31-08-2026,09:30,BUY,31-08-2026 09:30,66.131,31-08-2026 10:08,66.291,66.051,66.291,,USD,TP,TP,0.1599999999999966,0.0,0.0,0.0,0.0,0.0,0.1599999999999966,0.049000000000006594,0.18200000000000216,,39,38,2.28,False,10.559999999999775,OK,
